first_name,last_name,email,phone,company_name,id,phone_main
Zoe,Aitchinson,zaitchinson4c@sohu.com,+1 101 125 7090,Yotz,157,1011257090
Shea,Duesberry,sduesberry7p@vistaprint.com,+1 101 869 8118,Realmix,278,1018698118
Duncan,Ricson,dricson7s@google.co.jp,+1 103 687 4321,Eamia,281,1036874321
Raul,Bagniuk,rbagniuk3r@constantcontact.com,+1 104 393 4459,Layo,136,1043934459
Parker,Pettifer,ppettifer84@purevolume.com,+1 104 427 8871,Jabbertype,293,1044278871
Sisile,Itzik,sitzikkp@comcast.net,+1 104 465 3737,Skajo,746,1044653737
Griswold,Georgot,ggeorgot23@miitbeian.gov.cn,+1 104 670 3312,Kwideo,76,1046703312
Aeriel,Twining,atwininggh@zdnet.com,+1 104 773 8408,Zoomlounge,594,1047738408
Amanda,Wakerley,awakerleyj6@google.com.br,+1 105 776 5515,Topicblab,691,1057765515
Delilah,Miguel,dmiguelfk@fotki.com,+1 106 694 0126,Layo,561,1066940126
Constantin,Ovill,covillv@ifeng.com,+1 107 347 7535,Skilith,32,1073477535
Raine,Durnall,rdurnallgv@about.me,+1 110 752 4261,Oyoloo,608,1107524261
Findlay,Durrell,fdurrell1z@twitter.com,+1 111 546 2595,InnoZ,72,1115462595
Nicholle,Byford,nbyfordfm@blogtalkradio.com,+1 112 476 2611,Zoozzy,563,1124762611
Rosene,Basley,rbasleync@lycos.com,+1 113 472 3752,Riffwire,841,1134723752
Collen,Board,cboardlx@hubpages.com,+1 113 652 2031,Bluejam,790,1136522031
Car,Stanaway,cstanawayrg@toplist.cz,+1 115 419 9499,Devbug,989,1154199499
Glen,Astlet,gastletgz@imageshack.us,+1 115 509 3532,Rhyzio,612,1155093532
Maxine,Kayne,mkaynecu@g.co,+1 115 839 2692,Mynte,463,1158392692
Marybeth,McPeeters,mmcpeeters7z@about.com,+1 120 404 5412,Oyonder,288,1204045412
Annalee,Weight,aweightf1@yandex.ru,+1 120 733 4723,Bubblemix,542,1207334723
Margette,Carwithan,mcarwithanfh@mit.edu,+1 121 776 8497,Voomm,558,1217768497
Jillane,Awty,jawtyml@artisteer.com,+1 121 867 1852,Leenti,814,1218671852
Bernardo,Tindle,btindleim@usa.gov,+1 122 304 6640,Teklist,671,1223046640
Damian,Binnall,dbinnallix@icq.com,+1 122 560 8059,Fivechat,682,1225608059
Clarance,Dewitt,cdewittke@answers.com,+1 122 660 2284,Babbleset,735,1226602284
Hana,Troughton,htroughtonpk@addtoany.com,+1 123 535 1992,Feednation,921,1235351992
Sumner,Elwel,selwelqo@wikispaces.com,+1 125 665 8504,Oodoo,961,1256658504
Shay,Pardy,spardyra@newsvine.com,+1 126 663 9717,Meetz,983,1266639717
Gianni,Lead,gleaddu@macromedia.com,+1 128 123 6031,Vidoo,499,1281236031
Agnola,Hickenbottom,ahickenbottom5t@lulu.com,+1 128 305 4287,DabZ,210,1283054287
Devy,Cowan,dcowand8@imgur.com,+1 129 507 2602,Avamba,477,1295072602
Geoffrey,McShirie,gmcshirieqw@youtu.be,+1 129 595 7989,Centizu,969,1295957989
Brynne,Hurn,bhurn4w@jalbum.net,+1 131 464 6360,Digitube,177,1314646360
Mureil,Thebe,mthebefz@hp.com,+1 132 349 7980,Jaxspan,576,1323497980
Kaiser,Dodsworth,kdodsworth1i@arstechnica.com,+1 132 427 8259,LiveZ,55,1324278259
Lyndell,Skillicorn,lskillicorn6@berkeley.edu,+1 134 395 0184,Zooveo,7,1343950184
Sayers,Rosie,srosiel8@php.net,+1 135 442 2703,Mynte,765,1354422703
Egon,Sebrook,esebrook2e@boston.com,+1 135 722 0787,Ntag,87,1357220787
Donn,Jedrasik,djedrasikjk@java.com,+1 135 724 9197,Kwilith,705,1357249197
Somerset,Daft,sdaftc1@vinaora.com,+1 135 802 0776,Janyx,434,1358020776
Kenny,Newgrosh,knewgrosh30@ucoz.ru,+1 136 467 5458,Voomm,109,1364675458
Kalvin,Raulin,kraulinno@icq.com,+1 136 723 2796,Vipe,853,1367232796
Kennett,Chasmar,kchasmar3t@thetimes.co.uk,+1 137 595 4522,Quamba,138,1375954522
Darby,Wooller,dwoollercx@phpbb.com,+1 138 216 5264,Divape,466,1382165264
Liana,Dable,ldablefb@github.io,+1 138 237 1203,Zoonder,552,1382371203
Gabrielle,Matuskiewicz,gmatuskiewicze9@cbslocal.com,+1 138 569 2956,Gabtune,514,1385692956
Jared,Filippozzi,jfilippozzi4o@seattletimes.com,+1 143 150 6581,Zoomdog,169,1431506581
Brant,Charrette,bcharrettegp@smh.com.au,+1 143 319 8474,Cogidoo,602,1433198474
Gigi,Starton,gstartoni3@ed.gov,+1 145 723 3995,Katz,652,1457233995
Llywellyn,Kyd,lkyd9c@businessweek.com,+1 147 493 4624,Cogibox,337,1474934624
Conney,Tilsley,ctilsley6r@etsy.com,+1 152 594 5507,Topiclounge,244,1525945507
Ciro,Norwood,cnorwood24@cornell.edu,+1 153 399 5043,Yotz,77,1533995043
Marcellina,Gripton,mgriptonlg@bing.com,+1 153 520 5515,Myworks,773,1535205515
Glen,Kinver,gkinver2q@intel.com,+1 153 562 8521,Twimm,99,1535628521
Kermy,Blann,kblann2v@unicef.org,+1 154 309 6690,Shufflebeat,104,1543096690
Maddy,Sentance,msentanceea@netlog.com,+1 155 324 2689,Buzzster,515,1553242689
Velvet,Cicco,vciccoc0@myspace.com,+1 156 344 1330,Thoughtsphere,433,1563441330
Layton,Aynsley,laynsleyhs@privacy.gov.au,+1 156 524 3008,Zooxo,641,1565243008
Amalia,Digan,adigan1h@nih.gov,+1 156 977 9588,Devcast,54,1569779588
Lutero,Etherson,lethersonnr@netscape.com,+1 157 515 3368,Flipopia,856,1575153368
Gwenora,Restill,grestillfa@e-recht24.de,+1 157 659 6592,Gigaclub,551,1576596592
Alisun,Scogings,ascogings3y@wordpress.org,+1 157 872 8936,Demivee,143,1578728936
Rinaldo,Rickardsson,rrickardsson8q@cnet.com,+1 159 570 6444,Janyx,315,1595706444
Stafford,Strang,sstrang9r@ovh.net,+1 161 312 6541,Dablist,352,1613126541
Horacio,Rioch,hrioch3@va.gov,+1 161 628 9781,Avavee,4,1616289781
Guthrey,Tinmouth,gtinmouthk7@google.co.uk,+1 163 648 8487,Jaloo,728,1636488487
Terri,Marsay,tmarsayy@hugedomains.com,+1 165 207 8598,Jaxworks,35,1652078598
Amity,Tippler,atippler5s@dot.gov,+1 167 651 9691,Fliptune,209,1676519691
Corina,Loomes,cloomesqa@paginegialle.it,+1 172 102 7387,Skippad,947,1721027387
Jori,Cyseley,jcyseleyks@army.mil,+1 174 236 6045,Dabfeed,749,1742366045
Nicola,Playfoot,nplayfootmv@fc2.com,+1 174 806 2516,Yodoo,824,1748062516
Leanora,Dunbabin,ldunbabinho@senate.gov,+1 176 747 4801,Janyx,637,1767474801
Dudley,Skein,dskein83@imdb.com,+1 178 337 9589,Quimm,292,1783379589
Darwin,Whitecross,dwhitecrossmi@imgur.com,+1 178 911 2639,Gabtune,811,1789112639
Pavel,Tregunnah,ptregunnaha2@businessinsider.com,+1 179 121 9477,Thoughtbeat,363,1791219477
Eberhard,Neylon,eneylonc@nbcnews.com,+1 179 709 8792,Jaxworks,13,1797098792
Siobhan,Hastin,shastin86@indiatimes.com,+1 180 634 7093,Thoughtbeat,295,1806347093
Vilma,Nanuccioi,vnanuccioi31@pen.io,+1 181 302 4728,Devbug,110,1813024728
Morie,Davio,mdavio65@washington.edu,+1 181 749 6548,Kayveo,222,1817496548
Bunnie,McGeraghty,bmcgeraghtyjn@tripadvisor.com,+1 183 347 3211,Wordpedia,708,1833473211
Jaquith,Waltering,jwalteringmj@bravesites.com,+1 184 917 0611,Babblestorm,812,1849170611
Raymund,Berrecloth,rberreclothqv@nytimes.com,+1 185 102 1763,Roomm,968,1851021763
Jerrilee,Tokley,jtokley8v@dmoz.org,+1 186 628 0827,Gevee,320,1866280827
Krystyna,Muselli,kmusellimq@devhub.com,+1 186 897 2495,Innojam,819,1868972495
Wesley,Van Leijs,wvanleijs5a@sakura.ne.jp,+1 188 167 2742,Youbridge,191,1881672742
Calvin,Dargavel,cdargavel4@arizona.edu,+1 188 283 1970,Shuffletag,5,1882831970
Arny,Dowthwaite,adowthwaiteh5@businessinsider.com,+1 188 303 6261,Topiclounge,618,1883036261
Coral,Codrington,ccodringtonre@economist.com,+1 188 408 1367,Twimbo,987,1884081367
Perren,Dimitrijevic,pdimitrijevicz@posterous.com,+1 189 438 9635,Zoozzy,36,1894389635
Mort,Fidal,mfidal9@google.es,+1 191 744 0564,Skinix,10,1917440564
Harold,Cremer,hcremerqr@ning.com,+1 191 770 6590,Browsecat,964,1917706590
Simona,McQuilkin,smcquilkin1l@spiegel.de,+1 191 918 7120,Vinte,58,1919187120
Olia,Vala,ovalaei@house.gov,+1 192 406 4829,Blognation,523,1924064829
Lisette,Posnette,lposnette73@google.de,+1 192 709 0178,Aivee,256,1927090178
Bruis,Habin,bhabinpn@altervista.org,+1 192 961 4451,Flashdog,924,1929614451
Whitaker,Ivkovic,wivkovic6b@discuz.net,+1 193 967 7655,Kwimbee,228,1939677655
Felicdad,Agates,fagates63@theguardian.com,+1 195 263 2219,Riffpedia,220,1952632219
Anthiathia,Styles,astylesjs@xing.com,+1 196 954 1596,Mita,713,1969541596
Bibi,Whittenbury,bwhittenburyh4@drupal.org,+1 197 361 1114,Jatri,617,1973611114
Tatiania,Desaur,tdesaurg5@addtoany.com,+1 197 559 7068,Twitternation,582,1975597068
Lisette,MacCauley,lmaccauleyg2@bravesites.com,+1 197 601 2460,Innotype,579,1976012460
Willow,Vinker,wvinker39@joomla.org,+1 197 682 2597,Oyoyo,118,1976822597
Nikolaus,Gellately,ngellatelye7@weebly.com,+1 200 130 3625,Zoovu,512,2001303625
Merry,Lazar,mlazarqp@mayoclinic.com,+1 200 373 8404,Zoomzone,962,2003738404
Kelbee,Cowern,kcowern8z@pbs.org,+1 200 412 7207,Twinte,324,2004127207
Ossie,Byford,obyfordiu@bluehost.com,+1 200 438 6895,Trilith,679,2004386895
Jesselyn,Richens,jrichens11@pcworld.com,+1 201 639 7563,Skilith,38,2016397563
Johnna,Buzine,jbuzinep6@de.vu,+1 202 515 1721,Thoughtworks,907,2025151721
Darb,Swindles,dswindlesx@skype.com,+1 202 529 1034,Photobug,34,2025291034
Giraldo,Sowrey,gsowrey90@dion.ne.jp,+1 203 439 5870,DabZ,325,2034395870
Dot,Frank,dfrankrn@mtv.com,+1 203 540 9134,Dynava,996,2035409134
Chuck,Jikovsky,cjikovskyh0@eventbrite.com,+1 204 187 3315,Yakijo,613,2041873315
Tito,Fitzsymon,tfitzsymon1p@xinhuanet.com,+1 206 888 2928,Tambee,62,2068882928
Gilligan,Fattore,gfattorely@printfriendly.com,+1 207 595 7914,Rhyzio,791,2075957914
Amaleta,Scullion,asculliongr@usda.gov,+1 207 727 4349,Ooba,604,2077274349
Bennett,Romao,bromao7r@ihg.com,+1 208 545 4210,Bubbletube,280,2085454210
Sherill,Courcey,scourceydp@1und1.de,+1 210 411 6250,Vipe,494,2104116250
Bridget,Belliard,bbelliardqu@examiner.com,+1 210 536 3548,Twimm,967,2105363548
Marcie,Bulluck,mbulluckax@cargocollective.com,+1 210 714 3570,Tambee,394,2107143570
Marylou,Bau,mbau2w@chron.com,+1 211 529 4867,Tekfly,105,2115294867
Mariette,Garretts,mgarrettsdg@4shared.com,+1 211 882 5973,Topiclounge,485,2118825973
Meris,Bootyman,mbootyman25@photobucket.com,+1 212 488 1037,Pixonyx,78,2124881037
Susann,Tabart,stabart4g@senate.gov,+1 212 734 3446,Kamba,161,2127343446
Siana,Tarzey,starzeypd@vistaprint.com,+1 213 944 3088,Eadel,914,2139443088
Sax,Rafe,srafe8h@hao123.com,+1 214 527 4761,Agimba,306,2145274761
Jackie,Ridder,jriddercy@hubpages.com,+1 214 718 8776,Leexo,467,2147188776
Tessy,Pitcher,tpitcherht@bandcamp.com,+1 214 926 3568,Zoomdog,642,2149263568
Irina,Orae,iorae1y@google.com,+1 214 995 5328,Bluejam,71,2149955328
Lovell,Charker,lcharkerhh@merriam-webster.com,+1 216 709 0913,Quinu,630,2167090913
Clerkclaude,Utteridge,cutteridgedt@youtu.be,+1 217 391 0280,Kwideo,498,2173910280
Emily,Tissier,etissierov@goo.ne.jp,+1 218 931 6041,Kwinu,896,2189316041
Doll,Balma,dbalma9d@wufoo.com,+1 219 358 8780,Babbleopia,338,2193588780
Dana,Leyman,dleymanl7@sfgate.com,+1 219 956 4776,Meeveo,764,2199564776
Caprice,Moodie,cmoodieb0@gov.uk,+1 220 209 1941,Edgewire,397,2202091941
Terri-jo,Dovinson,tdovinson97@europa.eu,+1 221 135 9758,Topicshots,332,2211359758
Chariot,Lyness,clynessh9@people.com.cn,+1 222 503 9426,Zazio,622,2225039426
Kathie,Harrap,kharrapqf@state.gov,+1 223 400 3514,Skynoodle,952,2234003514
Murvyn,Gabler,mgablerd7@usnews.com,+1 225 154 1493,Katz,476,2251541493
Lazare,Churchard,lchurchard12@bbc.co.uk,+1 226 122 8000,Feedfish,39,2261228000
Blayne,Flann,bflannpg@nsw.gov.au,+1 229 675 1264,Zoozzy,917,2296751264
Rupert,MacAvddy,rmacavddynm@ning.com,+1 229 842 7879,Thoughtmix,851,2298427879
Worden,Paskins,wpaskinsok@discuz.net,+1 229 993 9425,Dynabox,885,2299939425
Constantine,Blackham,cblackhamem@va.gov,+1 232 680 3125,Npath,527,2326803125
Manda,Shawell,mshawellph@istockphoto.com,+1 233 505 5220,Topicware,918,2335055220
Dalt,Cadge,dcadgejm@last.fm,+1 233 733 5331,Teklist,707,2337335331
Yolane,Lum,ylumny@g.co,+1 235 299 3944,Zooveo,863,2352993944
Ruthi,Khomin,rkhominha@nydailynews.com,+1 235 463 8217,Voomm,623,2354638217
Ola,Sherlock,osherlock5d@w3.org,+1 235 681 2467,Feedbug,194,2356812467
Isak,Jozsika,ijozsikaip@berkeley.edu,+1 236 273 3524,Fatz,674,2362733524
Grady,Weekland,gweekland3f@house.gov,+1 236 292 5414,Rhyloo,124,2362925414
Royall,Cram,rcramll@washingtonpost.com,+1 237 135 9253,Tavu,778,2371359253
Shermie,Winborn,swinborncg@unc.edu,+1 237 153 3307,Aimbo,449,2371533307
Janna,Rays,jrays7f@histats.com,+1 237 193 4725,Thoughtstorm,268,2371934725
Barthel,Rein,breinhw@tmall.com,+1 237 950 4710,Wordpedia,645,2379504710
Lonnard,Tugwell,ltugwellaf@amazonaws.com,+1 238 503 0113,Trilith,376,2385030113
Lacy,Ferrai,lferraif5@imageshack.us,+1 238 724 5538,Kimia,546,2387245538
Jarib,Jane,jjane4n@yellowbook.com,+1 239 540 6240,Kwilith,168,2395406240
Rafe,Nutty,rnutty6w@webeden.co.uk,+1 239 946 5643,Buzzster,249,2399465643
Yasmin,Addionisio,yaddionisiojg@friendfeed.com,+1 245 533 0256,Kayveo,701,2455330256
Pansy,Baynam,pbaynamld@google.ca,+1 248 582 0576,Shufflester,770,2485820576
Raynor,Abelson,rabelsondz@ca.gov,+1 248 805 8774,Skalith,504,2488058774
Aleece,Manass,amanass3i@webeden.co.uk,+1 251 580 3663,Twinte,127,2515803663
Carleton,Guise,cguiseis@newyorker.com,+1 252 886 0689,Lazz,677,2528860689
Alex,Scoles,ascoles4v@state.gov,+1 253 344 2073,DabZ,176,2533442073
Elizabet,Janu,ejanul@nhs.uk,+1 254 954 1289,Browsecat,22,2549541289
Odella,Grzesiak,ogrzesiak5x@tripod.com,+1 256 128 8608,Demivee,214,2561288608
Ferd,Florio,fflorion0@twitpic.com,+1 256 383 3095,Edgetag,829,2563833095
Ethelin,de Keep,edekeepg6@tumblr.com,+1 257 484 0520,Twitterbeat,583,2574840520
Teodoro,Lummasana,tlummasana69@buzzfeed.com,+1 259 314 3693,Voolith,226,2593143693
Kaitlin,Inns,kinnsr0@gmpg.org,+1 259 502 9111,Linkbuzz,973,2595029111
Alister,Porte,aportemm@google.co.jp,+1 260 512 7766,Fadeo,815,2605127766
Marguerite,Tipper,mtippero9@cornell.edu,+1 262 946 4199,Blognation,874,2629464199
Herman,Eagan,heagan66@businesswire.com,+1 263 164 1618,Devshare,223,2631641618
Cobb,Dunster,cdunsterhq@uiuc.edu,+1 263 431 6124,Mynte,639,2634316124
Sanders,Baynton,sbayntonp5@blogtalkradio.com,+1 263 447 8703,Einti,906,2634478703
Hetty,Ramplee,hramplee6k@4shared.com,+1 264 179 4908,Jabbercube,237,2641794908
Beatrix,Sweetnam,bsweetnam21@rakuten.co.jp,+1 264 453 9063,Skinte,74,2644539063
Emmie,Roughan,eroughan3z@earthlink.net,+1 266 517 9605,Flashdog,144,2665179605
Mitzi,Peeke-Vout,mpeekevout6s@ebay.com,+1 266 596 7548,Bubblebox,245,2665967548
Agata,Ivins,aivinsh7@umn.edu,+1 268 285 5684,Skyvu,620,2682855684
Klara,Aiken,kaiken3k@wiley.com,+1 270 551 4534,Ntag,129,2705514534
Jillane,Exton,jextonk8@bing.com,+1 270 676 2298,Blognation,729,2706762298
Dena,Lermouth,dlermouthbe@etsy.com,+1 271 385 7673,Feedmix,411,2713857673
Pavia,Bernhardi,pbernhardiai@irs.gov,+1 275 363 2431,Trilith,379,2753632431
Opalina,Zack,ozack5g@apple.com,+1 275 485 5865,Vimbo,197,2754855865
Roobbie,Barlthrop,rbarlthropkz@toplist.cz,+1 275 639 2650,Quinu,756,2756392650
Georgette,Grinsdale,ggrinsdalem0@ibm.com,+1 276 142 4104,Zoomzone,793,2761424104
Willa,Mara,wmarap4@tmall.com,+1 276 803 4333,Topdrive,905,2768034333
Care,Methringham,cmethringham9t@yellowpages.com,+1 278 125 0604,Fivebridge,354,2781250604
Doll,Whitehair,dwhitehairj0@umn.edu,+1 278 391 3163,Fiveclub,685,2783913163
Myrtie,Antunez,mantunezdw@yahoo.co.jp,+1 280 194 8475,Edgeify,501,2801948475
Cary,Doumerque,cdoumerqueaz@angelfire.com,+1 281 517 8358,Skinder,396,2815178358
Faith,Biskupek,fbiskupekc8@meetup.com,+1 282 452 9641,Linktype,441,2824529641
Klara,Skypp,kskyppgw@oakley.com,+1 282 463 7591,Skidoo,609,2824637591
Margaux,Hinchshaw,mhinchshawed@netscape.com,+1 286 285 3872,Youtags,518,2862853872
Bengt,Rosedale,brosedale5e@discovery.com,+1 286 959 7321,Wordware,195,2869597321
Marlena,Stennett,mstennettqi@pcworld.com,+1 287 155 4687,Meejo,955,2871554687
Vevay,Cansdall,vcansdall5k@elegantthemes.com,+1 287 226 6607,Skilith,201,2872266607
Willis,Goomes,wgoomesi4@scientificamerican.com,+1 287 384 3610,Kamba,653,2873843610
Rodrique,Sandyfirth,rsandyfirth7m@technorati.com,+1 287 629 8631,Gabspot,275,2876298631
Orrin,Cuffe,ocuffejo@loc.gov,+1 287 718 8267,Vitz,709,2877188267
Joana,Siaskowski,jsiaskowskikn@woothemes.com,+1 287 725 8184,Skinte,744,2877258184
Kacey,Govini,kgovinii5@dailymotion.com,+1 293 885 1182,Tagfeed,654,2938851182
Hobard,Hastwall,hhastwallmb@bizjournals.com,+1 294 581 8893,Blogspan,804,2945818893
Hodge,Greenhow,hgreenhowg9@joomla.org,+1 294 944 0242,Eayo,586,2949440242
Kalindi,Bussen,kbussenns@auda.org.au,+1 296 241 2269,Gabspot,857,2962412269
Justen,Delany,jdelanynf@prweb.com,+1 296 301 5884,Rhyloo,844,2963015884
Nye,Cornwall,ncornwalllc@vk.com,+1 296 711 4749,Devpoint,769,2967114749
Brennan,Wohlers,bwohlersk0@yolasite.com,+1 297 245 0739,Oyonder,721,2972450739
Auberta,Gregh,agregh8r@opera.com,+1 298 626 1167,Thoughtstorm,316,2986261167
Grace,Whaplington,gwhaplingtonff@weibo.com,+1 300 407 0540,Livepath,556,3004070540
Laurence,Benediktsson,lbenediktssonlh@gmpg.org,+1 300 776 0005,Jaxspan,774,3007760005
Kale,Bagehot,kbagehot2l@uol.com.br,+1 301 187 6565,Jabbertype,94,3011876565
Toinette,Dorro,tdorro2d@abc.net.au,+1 301 383 3587,Gigashots,86,3013833587
Inger,Muress,imuressd9@nydailynews.com,+1 304 615 1452,Livefish,478,3046151452
Celestine,Philipsson,cphilipssonn3@state.tx.us,+1 305 717 6475,Gigabox,832,3057176475
Aldwin,Briggs,abriggskh@cbc.ca,+1 305 784 6452,Thoughtsphere,738,3057846452
Stacee,Rolin,srolin93@quantcast.com,+1 306 277 3137,Gigashots,328,3062773137
Catrina,Sander,csanderc3@ning.com,+1 307 715 9215,Yotz,436,3077159215
Zoe,Karchowski,zkarchowskig@php.net,+1 307 737 0133,Wikivu,17,3077370133
Clement,Keitley,ckeitleygu@mediafire.com,+1 308 416 9328,Brainlounge,607,3084169328
Fanchon,Giblin,fgiblin88@cisco.com,+1 309 259 8882,Innotype,297,3092598882
Viki,Kyneton,vkynetonp0@infoseek.co.jp,+1 309 684 4334,Demizz,901,3096844334
George,Murphy,gmurphyj7@photobucket.com,+1 310 268 3371,Buzzster,692,3102683371
Hussein,Sleightholme,hsleightholme7y@jimdo.com,+1 310 379 5592,Feedspan,287,3103795592
Noak,Feronet,nferonet34@netscape.com,+1 310 460 5572,Meezzy,113,3104605572
Corby,Buckle,cbuckle6j@mail.ru,+1 312 734 0075,Kwideo,236,3127340075
Dru,Greggs,dgreggsbm@opera.com,+1 314 116 3188,Youbridge,419,3141163188
Waldo,Lesaunier,wlesaunieral@vinaora.com,+1 314 333 4644,Avavee,382,3143334644
Binnie,Clerk,bclerkps@ycombinator.com,+1 315 310 7238,Meevee,929,3153107238
Evangelina,Ambrogetti,eambrogettim2@loc.gov,+1 315 446 1244,Thoughtblab,795,3154461244
Brande,Macbane,bmacbanerh@usatoday.com,+1 315 579 5243,Pixope,990,3155795243
Cirillo,Pavlik,cpavlikoz@shareasale.com,+1 315 664 3009,Rhycero,900,3156643009
Abbie,Tynan,atynanqq@statcounter.com,+1 315 791 6892,Voomm,963,3157916892
Aguste,Varsey,avarsey32@mashable.com,+1 316 351 8580,Jabbersphere,111,3163518580
Chaddy,Goudard,cgoudardch@time.com,+1 316 399 6100,Livetube,450,3163996100
Cybill,Le Count,clecount7q@usa.gov,+1 316 405 2886,Realfire,279,3164052886
Tomasina,Crut,tcrutg3@comsenz.com,+1 316 947 7766,Babbleopia,580,3169477766
Lucian,Bener,lbenerd2@over-blog.com,+1 318 388 8206,Gabvine,471,3183888206
Lisbeth,Daffey,ldaffeyn7@umich.edu,+1 319 223 3312,Teklist,836,3192233312
Enoch,Linden,elindene8@instagram.com,+1 320 170 7324,Meedoo,513,3201707324
Gerek,Rigolle,grigollebw@multiply.com,+1 321 225 4684,Jabbersphere,429,3212254684
Val,Tanzig,vtanziga7@gizmodo.com,+1 321 930 4244,Katz,368,3219304244
Sacha,Lutwyche,slutwyche62@edublogs.org,+1 322 272 7474,Zoozzy,219,3222727474
Melitta,Finney,mfinney2g@w3.org,+1 323 556 6395,Yabox,89,3235566395
Darrel,Albrecht,dalbrechtjl@usnews.com,+1 324 197 8858,Skyble,706,3241978858
Isac,Petrashkov,ipetrashkovgx@marriott.com,+1 324 727 4455,Oyoba,610,3247274455
Emmye,Behnen,ebehnenie@virginia.edu,+1 328 330 4522,Bluezoom,663,3283304522
Mechelle,Tregea,mtregear9@dion.ne.jp,+1 329 142 4387,Oyondu,982,3291424387
Clim,Tiner,ctiner4d@disqus.com,+1 332 283 6713,Voomm,158,3322836713
Lela,Longina,llonginahn@quantcast.com,+1 334 705 3432,Yacero,636,3347053432
Warden,Cafferky,wcafferky1b@washington.edu,+1 334 971 1581,Oodoo,48,3349711581
Gustav,Thornthwaite,gthornthwaite9q@skyrock.com,+1 337 206 3145,Fiveclub,351,3372063145
Caron,Farreil,cfarreil8m@apple.com,+1 339 281 7582,Mydeo,311,3392817582
Ninnette,Kemmer,nkemmergk@friendfeed.com,+1 339 484 6202,Rhyzio,597,3394846202
Olag,Midden,omiddenc6@irs.gov,+1 340 280 5947,Plambee,439,3402805947
Douglass,Ethelston,dethelston6u@shareasale.com,+1 341 465 7391,Ozu,247,3414657391
Klement,Fellini,kfellinij1@reference.com,+1 341 761 3931,Rooxo,686,3417613931
Roze,Hesser,rhesserjy@soundcloud.com,+1 343 338 8517,Fivechat,719,3433388517
Jordanna,Von Gladbach,jvongladbachfy@timesonline.co.uk,+1 345 573 4424,Ailane,575,3455734424
Gloriane,Mosen,gmosenng@salon.com,+1 346 548 8583,Myworks,845,3465488583
Torre,Gurys,tguryscv@dagondesign.com,+1 346 794 3496,Topiclounge,464,3467943496
Hercule,Rama,hramag1@multiply.com,+1 346 862 2041,Flashspan,578,3468622041
Arnie,Hairs,ahairson@ucla.edu,+1 346 885 9732,Fivebridge,888,3468859732
Florella,Tilmouth,ftilmouthos@vinaora.com,+1 348 833 3156,Buzzdog,893,3488333156
Leta,Brooks,lbrooks45@barnesandnoble.com,+1 351 325 7470,Devcast,150,3513257470
Kendricks,Bysouth,kbysouth5q@slashdot.org,+1 351 828 0115,Wikido,207,3518280115
Meryl,Godly,mgodlyh8@naver.com,+1 353 148 4002,Avaveo,621,3531484002
Petra,Sheers,psheers15@netvibes.com,+1 353 331 2343,Tazz,42,3533312343
Rawley,Gillan,rgillanq8@google.ru,+1 354 172 7350,Zoomcast,945,3541727350
Ebeneser,House,ehousejz@vimeo.com,+1 355 135 9312,DabZ,720,3551359312
Tiphani,Dunkersley,tdunkersleykf@pagesperso-orange.fr,+1 356 903 8384,Trunyx,736,3569038384
Minor,Elsdon,melsdonih@un.org,+1 357 461 6459,Zazio,666,3574616459
Durward,Fishburn,dfishburnb3@bing.com,+1 358 619 5910,Jabbercube,400,3586195910
Innis,Ramsier,iramsier8f@theguardian.com,+1 360 211 4779,Einti,304,3602114779
Konstantin,Brentnall,kbrentnall33@nifty.com,+1 360 416 5689,Agivu,112,3604165689
Yard,Saphin,ysaphiniw@so-net.ne.jp,+1 364 255 9718,Realcube,681,3642559718
Dinnie,Reuven,dreuvenlj@bizjournals.com,+1 366 139 2158,Flashspan,776,3661392158
Maurita,Trelease,mtreleaseee@wikia.com,+1 366 274 7814,Gabvine,519,3662747814
Michele,Lovstrom,mlovstromli@devhub.com,+1 366 909 6080,Zava,775,3669096080
Lindsay,Glendenning,lglendenningfo@cornell.edu,+1 368 521 9533,Teklist,565,3685219533
Kendrick,Klainman,kklainman4i@salon.com,+1 369 215 5474,Twitterlist,163,3692155474
Clarisse,Mollatt,cmollatti9@hhs.gov,+1 370 733 5609,Zoovu,658,3707335609
Howey,Hafner,hhafner52@wsj.com,+1 370 755 3393,Skimia,183,3707553393
Kandace,Fairbridge,kfairbridgeab@reddit.com,+1 370 981 8255,Janyx,372,3709818255
Michael,McVeigh,mmcveigh2t@ftc.gov,+1 372 356 5073,Katz,102,3723565073
Bondy,Lucy,blucynv@aol.com,+1 372 431 0298,Eire,860,3724310298
Birch,Faint,bfaintpu@biglobe.ne.jp,+1 373 496 2187,Mydeo,931,3734962187
Lucienne,Roelvink,lroelvinkrq@house.gov,+1 375 215 4055,Flipopia,999,3752154055
Latrena,Schubuser,lschubuser55@youtu.be,+1 375 417 6665,Babblestorm,186,3754176665
Devonne,Anan,danan27@google.pl,+1 375 719 5780,Dabvine,80,3757195780
Dory,Serrels,dserrelshr@miibeian.gov.cn,+1 376 446 2229,Mynte,640,3764462229
Pauli,Steels,psteelsgl@icq.com,+1 378 237 7525,Twitterbridge,598,3782377525
Anett,Cowper,acowperrr@slideshare.net,+1 379 868 3835,Yodel,1000,3798683835
Quintilla,Pablos,qpablosi0@nytimes.com,+1 379 875 0226,Mudo,649,3798750226
Anya,Fellgate,afellgatelt@google.co.uk,+1 380 234 2779,Trudoo,786,3802342779
Mela,Jostan,mjostan4f@hc360.com,+1 381 325 8616,Jazzy,160,3813258616
Teador,Russan,trussan1a@nasa.gov,+1 382 482 0100,Quire,47,3824820100
Bartholomeus,Tarzey,btarzeynx@unesco.org,+1 383 200 9532,Photobean,862,3832009532
Merrill,Sparshatt,msparshattnt@un.org,+1 384 244 5913,Realcube,858,3842445913
Rosemarie,Janosevic,rjanosevicg4@usa.gov,+1 386 191 0257,Yacero,581,3861910257
Kelcy,De Blasi,kdeblasifw@acquirethisname.com,+1 388 895 7333,Kamba,573,3888957333
Kitty,Aspell,kaspellji@slate.com,+1 389 617 3675,Skaboo,703,3896173675
Briana,Rotham,brothamrf@marketwatch.com,+1 389 834 1555,Jabberstorm,988,3898341555
Stern,Hilliam,shilliam85@vk.com,+1 392 394 9783,Voonder,294,3923949783
Farrand,Hearnaman,fhearnamana4@oracle.com,+1 392 516 8159,Fivechat,365,3925168159
Jaclyn,Harlin,jharlinmc@thetimes.co.uk,+1 394 232 0444,Photobean,805,3942320444
Hyman,Windows,hwindows19@loc.gov,+1 394 319 5663,Jaxbean,46,3943195663
Holly,Langforth,hlangforthhv@go.com,+1 394 625 8820,Jabbertype,644,3946258820
Marshal,Timmis,mtimmisfc@networkadvertising.org,+1 395 807 0205,Avaveo,553,3958070205
Gearalt,Ward,gwardfu@samsung.com,+1 396 175 9230,Jayo,571,3961759230
Gerrie,Gerson,ggerson26@123-reg.co.uk,+1 397 285 2763,Tagchat,79,3972852763
Lilly,Dollard,ldollard4x@scientificamerican.com,+1 397 982 9836,Abatz,178,3979829836
Conroy,Maddrell,cmaddrelljc@taobao.com,+1 398 214 5098,Riffpath,697,3982145098
Marysa,Conville,mconville8p@freewebs.com,+1 398 696 2300,Skiptube,314,3986962300
Jedidiah,Bertot,jbertotr@mapquest.com,+1 402 583 8517,Dabjam,28,4025838517
Eliot,Lappine,elappineap@ebay.co.uk,+1 402 743 2084,Livetube,386,4027432084
Warde,Wingate,wwingatepv@reference.com,+1 403 275 8528,Jabberbean,932,4032758528
Cherri,Elce,celcela@chron.com,+1 403 975 6464,Mita,767,4039756464
Eleonora,Gooddy,egooddyeh@netvibes.com,+1 404 909 4138,Jaxnation,522,4049094138
Nobe,Ensten,nenstend5@shinystat.com,+1 405 428 2218,LiveZ,474,4054282218
Kale,Chessun,kchessun3u@netscape.com,+1 407 327 3650,Skiba,139,4073273650
Hardy,Eyckelberg,heyckelbergcf@wikipedia.org,+1 407 652 2275,Eadel,448,4076522275
Alleyn,Pankethman,apankethmanlq@washington.edu,+1 409 483 7563,JumpXS,783,4094837563
Pincas,Siggins,psigginsdr@cloudflare.com,+1 410 185 2183,Topicshots,496,4101852183
Cathe,Hengoed,chengoeddq@issuu.com,+1 412 280 6877,Realmix,495,4122806877
Ansell,Rosencrantz,arosencrantzac@mayoclinic.com,+1 412 362 4645,Edgeify,373,4123624645
Elisabet,Dowzell,edowzellql@phpbb.com,+1 413 353 7070,Shuffledrive,958,4133537070
Siward,Trumpeter,strumpeter3d@example.com,+1 414 635 5650,Babbleset,122,4146355650
Feliks,Duell,fduello3@networksolutions.com,+1 414 950 2399,Skivee,868,4149502399
Jerrilee,Draycott,jdraycotti@guardian.co.uk,+1 415 279 5011,Devbug,19,4152795011
Hinze,Loding,hlodingqx@vistaprint.com,+1 415 504 1551,Dynabox,970,4155041551
Christian,Burgon,cburgon7t@ow.ly,+1 416 386 3423,Skyble,282,4163863423
Carroll,Coxhell,ccoxhelle6@360.cn,+1 416 567 0617,Gigaclub,511,4165670617
Padraig,Colbeck,pcolbeck7c@123-reg.co.uk,+1 417 476 4874,Mymm,265,4174764874
Rahel,Komorowski,rkomorowski47@slate.com,+1 418 476 3161,Youtags,152,4184763161
Lizzie,Ladon,lladonn4@irs.gov,+1 419 413 8577,Thoughtbridge,833,4194138577
Herculie,Knutton,hknuttonl9@wp.com,+1 419 566 3203,Thoughtstorm,766,4195663203
Cristal,Sherebrooke,csherebrookeka@moonfruit.com,+1 419 835 6023,Skiba,731,4198356023
Wesley,Reddin,wreddin8o@spiegel.de,+1 419 997 4469,Yodoo,313,4199974469
Dex,Getty,dgettyo1@com.com,+1 420 354 7332,Cogidoo,866,4203547332
Therine,Olrenshaw,tolrenshaw9g@bigcartel.com,+1 421 239 4613,Wikizz,341,4212394613
Bertie,Matteuzzi,bmatteuzzi3o@earthlink.net,+1 421 378 2097,Babblestorm,133,4213782097
Maud,Poxton,mpoxton7l@phoca.cz,+1 422 499 4372,Youopia,274,4224994372
Marilin,Hawksworth,mhawksworthj2@barnesandnoble.com,+1 422 737 2498,Quimba,687,4227372498
Anthia,Mc Gee,amcgee8b@usda.gov,+1 422 964 1879,Browsecat,300,4229641879
Nilson,Fairlam,nfairlam4q@amazon.co.uk,+1 423 209 8885,Livefish,171,4232098885
Josee,Libbis,jlibbis9x@cnbc.com,+1 423 592 6267,Ailane,358,4235926267
Elsie,McMearty,emcmearty4a@cmu.edu,+1 423 675 1280,Yotz,155,4236751280
Camala,Klarzynski,cklarzynskie4@blogspot.com,+1 424 534 6056,Realmix,509,4245346056
Stanleigh,Avon,savonq4@usda.gov,+1 424 963 5157,Realcube,941,4249635157
Shelagh,Sperwell,ssperwellmw@weibo.com,+1 425 335 4383,Yodo,825,4253354383
Josephina,Ackermann,jackermannej@yolasite.com,+1 425 577 3221,Eimbee,524,4255773221
Olly,Adrien,oadrienq@symantec.com,+1 425 750 2124,Voolith,27,4257502124
Elli,Georgescu,egeorgescubk@virginia.edu,+1 426 180 1931,Trilith,417,4261801931
Tod,Pretti,tpretti1f@oaic.gov.au,+1 426 947 4730,Twitterbridge,52,4269474730
Sloane,Orpen,sorpenif@wix.com,+1 427 545 3617,Dabtype,664,4275453617
Aldin,Pulford,apulfordel@bravesites.com,+1 428 576 2682,Kwilith,526,4285762682
Thor,Girt,tgirt1k@narod.ru,+1 430 991 8316,Zazio,57,4309918316
Odie,MacCaull,omaccaullr7@fema.gov,+1 432 615 4913,Tavu,980,4326154913
Dodi,Daldry,ddaldryil@jiathis.com,+1 432 646 8995,Skipfire,670,4326468995
Guenna,Carwithen,gcarwithenhg@furl.net,+1 432 963 9733,Ntags,629,4329639733
Fedora,Gazzard,fgazzardk@npr.org,+1 434 853 8793,Katz,21,4348538793
Johnny,Freestone,jfreestonebi@netvibes.com,+1 435 500 9329,Livetube,415,4355009329
Camille,Kropp,ckropp5y@homestead.com,+1 436 762 2127,Plambee,215,4367622127
Toby,Bellows,tbellows5f@symantec.com,+1 438 337 0514,Devpulse,196,4383370514
Agnesse,Kineton,akinetonq7@earthlink.net,+1 439 193 1446,Roodel,944,4391931446
Lorette,Bendle,lbendleqd@typepad.com,+1 439 991 7047,Oodoo,950,4399917047
Amandy,Ornillos,aornillos4e@over-blog.com,+1 440 111 2075,Vipe,159,4401112075
Dillon,Simnett,dsimnettrj@networkadvertising.org,+1 442 272 1974,Gabspot,992,4422721974
Martainn,Covotti,mcovotti7h@infoseek.co.jp,+1 443 220 5328,Fadeo,270,4432205328
Veriee,Saur,vsaurer@diigo.com,+1 443 668 5305,Skiptube,532,4436685305
Jae,Gatrill,jgatrilla5@privacy.gov.au,+1 443 997 0574,Feedfire,366,4439970574
Kellia,Blazey,kblazeyl4@wikimedia.org,+1 444 542 3930,Skyvu,761,4445423930
Barth,Aberhart,baberhartpj@nasa.gov,+1 446 761 8828,Realpoint,920,4467618828
Antonetta,Wressell,awressell5o@odnoklassniki.ru,+1 447 260 4749,Roombo,205,4472604749
Nicoli,Ladel,nladelpc@umn.edu,+1 449 369 5032,Avamm,913,4493695032
Jori,Spikings,jspikings6q@deviantart.com,+1 449 382 9780,Quatz,243,4493829780
Janenna,Soda,jsodaa8@zdnet.com,+1 450 336 2996,Babbleset,369,4503362996
Maximo,Gamil,mgamil4b@etsy.com,+1 450 720 5684,Twitterworks,156,4507205684
Rayner,Akeherst,rakeherste@apache.org,+1 450 821 3506,Teklist,15,4508213506
Trey,Waulker,twaulkercz@bing.com,+1 450 893 1797,Eayo,468,4508931797
Townie,Wyss,twyssid@sbwire.com,+1 450 998 0852,Ainyx,662,4509980852
Rhianna,Cromett,rcrometto6@netscape.com,+1 454 594 2573,Flashpoint,871,4545942573
Sue,Bilson,sbilsonna@phoca.cz,+1 454 720 9789,Flipbug,839,4547209789
Tova,Marnane,tmarnanepe@wikimedia.org,+1 455 671 6262,Eayo,915,4556716262
Morrie,Quincee,mquinceee5@rakuten.co.jp,+1 455 742 2633,Fivespan,510,4557422633
Rafferty,Domingues,rdominguesf4@zimbio.com,+1 455 872 4314,Cogilith,545,4558724314
Pablo,Rowlatt,prowlattii@scribd.com,+1 456 843 1491,Skibox,667,4568431491
Karla,Querree,kquerree2p@google.de,+1 461 291 5812,Edgeblab,98,4612915812
Bertie,Muzzlewhite,bmuzzlewhitehx@istockphoto.com,+1 461 728 3610,Livetube,646,4617283610
Bond,Whitechurch,bwhitechurche3@columbia.edu,+1 461 946 2239,Devbug,508,4619462239
Penrod,Kedwell,pkedwellrp@fotki.com,+1 462 172 7874,Skipfire,998,4621727874
Linell,Norris,lnorris2@yahoo.com,+1 462 353 5726,Innojam,3,4623535726
Randall,Widmoor,rwidmoorez@state.tx.us,+1 462 697 3618,Leenti,540,4626973618
Tucker,Ferreiro,tferreiro9f@is.gd,+1 462 928 4749,Ooba,340,4629284749
Jenifer,Jackes,jjackesfq@scribd.com,+1 464 254 5538,Aibox,567,4642545538
Judi,Shambrook,jshambrookm5@dagondesign.com,+1 464 366 6221,Feedmix,798,4643666221
Tedman,Style,tstyleri@epa.gov,+1 465 292 4134,Thoughtstorm,991,4652924134
Madeline,Ruckhard,mruckhardlr@samsung.com,+1 466 656 6079,Ainyx,784,4666566079
Anastassia,Fealty,afealtys@studiopress.com,+1 467 545 2356,Zoomcast,29,4675452356
Milty,Edrich,medrich7d@lycos.com,+1 468 426 7958,Ailane,266,4684267958
Carolus,Warbeys,cwarbeysdc@microsoft.com,+1 471 752 2631,Yodoo,481,4717522631
Thorn,Littlewood,tlittlewoodbb@jugem.jp,+1 472 684 6730,Brightbean,408,4726846730
Morgen,Connold,mconnoldkb@studiopress.com,+1 477 519 5642,Mydeo,732,4775195642
Peg,Pharrow,ppharrowfi@nba.com,+1 477 614 6899,Izio,559,4776146899
Dasi,Cicero,dciceron5@ca.gov,+1 478 292 6529,Thoughtblab,834,4782926529
Ervin,Delafoy,edelafoygo@youtu.be,+1 478 338 3578,Divanoodle,601,4783383578
Carlos,Walduck,cwalduck2c@123-reg.co.uk,+1 478 511 5320,Oodoo,85,4785115320
Hermia,Houlson,hhoulson1q@woothemes.com,+1 479 616 2000,Skippad,63,4796162000
Willette,Garnsworthy,wgarnsworthyb5@odnoklassniki.ru,+1 480 484 5139,Yakitri,402,4804845139
Cahra,Gasperi,cgasperidl@icio.us,+1 480 873 7321,Buzzshare,490,4808737321
Celestine,Vicarey,cvicareym4@ox.ac.uk,+1 482 804 3537,Feedfire,797,4828043537
Teodorico,Groocock,tgroocockgt@loc.gov,+1 482 959 1037,Brainsphere,606,4829591037
Jerry,Varker,jvarkerar@eventbrite.com,+1 484 486 3929,Topicshots,388,4844863929
Lira,Ablott,lablott44@newsvine.com,+1 484 980 5983,Browsebug,149,4849805983
Abel,Rodie,arodieiz@blog.com,+1 485 417 4843,Jamia,684,4854174843
Dmitri,Gamble,dgamble1o@soundcloud.com,+1 485 443 7253,Dabvine,61,4854437253
Patience,Andric,pandricr5@house.gov,+1 485 619 2538,Snaptags,978,4856192538
Michail,Isenor,misenoror@timesonline.co.uk,+1 485 675 6103,Meedoo,892,4856756103
Bambi,Cassels,bcasselsan@jalbum.net,+1 485 834 4972,Yambee,384,4858344972
Arabele,Sollas,asollasjj@bloomberg.com,+1 485 912 8713,Linktype,704,4859128713
Meridith,Golson,mgolson2a@shutterfly.com,+1 486 885 0792,Skalith,83,4868850792
Hanny,Duplan,hduplanma@bizjournals.com,+1 488 242 8440,Digitube,803,4882428440
Yank,Milverton,ymilverton92@msu.edu,+1 488 261 9574,Skipfire,327,4882619574
Rodrique,Filer,rfilerqn@sfgate.com,+1 488 746 4446,Tagopia,960,4887464446
Winslow,McKinna,wmckinnalu@sina.com.cn,+1 489 535 1620,Fiveclub,787,4895351620
Barb,De Antoni,bdeantoniow@dot.gov,+1 491 124 4893,Brainsphere,897,4911244893
Marlo,Pideon,mpideon7u@hc360.com,+1 492 224 7088,Roodel,283,4922247088
Patricia,Lebsack,Julianne.OConner@kory.org,+1 493 170 9623,Mynte,6,4931709623
Karrie,Eiler,keilerd4@feedburner.com,+1 493 835 4756,Cogibox,473,4938354756
Fawne,Shakshaft,fshakshaft1s@yahoo.co.jp,+1 495 612 9492,Jaloo,65,4956129492
Bendick,Renbold,brenbold91@yolasite.com,+1 496 684 4712,Skynoodle,326,4966844712
Pavia,De La Cote,pdelacoteo0@t.co,+1 496 842 5494,Jabberbean,865,4968425494
Konrad,McGrann,kmcgrannm7@networkadvertising.org,+1 497 602 2743,Midel,800,4976022743
Leyla,Cropton,lcropton9l@twitpic.com,+1 497 780 8304,Buzzster,346,4977808304
Thorndike,Presdee,tpresdee68@vinaora.com,+1 499 816 9801,Meetz,225,4998169801
Angie,Cornwall,acornwallrd@infoseek.co.jp,+1 502 418 8409,Rhybox,986,5024188409
Elenore,Going,egoingaq@cmu.edu,+1 503 459 3479,Zoonder,387,5034593479
Diandra,Bridgwater,dbridgwaterec@addthis.com,+1 504 175 9029,Skaboo,517,5041759029
Ase,Drohan,adrohanco@xrea.com,+1 505 533 3421,Skimia,457,5055333421
Fayth,Delacroux,fdelacrouxh2@thetimes.co.uk,+1 506 149 3067,Feednation,615,5061493067
Travis,Agate,tagateof@si.edu,+1 507 611 6998,Divavu,880,5076116998
Norrie,Lampe,nlampeoj@nbcnews.com,+1 507 949 0681,Realmix,884,5079490681
Brittan,Shadrack,bshadrack57@t.co,+1 508 650 0857,Meezzy,188,5086500857
Kaspar,Baulcombe,kbaulcombefl@yelp.com,+1 510 926 0199,Thoughtmix,562,5109260199
Cristy,Apfelmann,capfelmannd1@diigo.com,+1 511 548 3474,Einti,470,5115483474
Rosanne,Domenichini,rdomenichini95@discovery.com,+1 512 349 5808,Youopia,330,5123495808
Isidore,Guerreau,iguerreauf0@storify.com,+1 513 167 0635,Vinte,541,5131670635
Cordi,Eglinton,ceglintonmz@issuu.com,+1 513 666 2080,Agimba,828,5136662080
Hewe,Cockman,hcockmanln@csmonitor.com,+1 514 389 9343,Zooveo,780,5143899343
Langsdon,Danet,ldanetam@plala.or.jp,+1 514 841 0041,Oyoyo,383,5148410041
Caldwell,Flecknoe,cflecknoeq0@epa.gov,+1 516 423 7810,Browsetype,937,5164237810
Pearla,Littlecote,plittlecote77@mit.edu,+1 516 597 6477,Yotz,260,5165976477
Nefen,Gwynne,ngwynne4s@dion.ne.jp,+1 518 365 8221,Youbridge,173,5183658221
Royce,Mockett,rmockettae@umich.edu,+1 518 590 9848,Kwilith,375,5185909848
Ephraim,Caulier,ecaulier36@joomla.org,+1 518 961 0951,Mydeo,115,5189610951
Andre,Hughman,ahughman3m@theatlantic.com,+1 519 883 8554,Teklist,131,5198838554
Charla,Foux,cfouxcc@baidu.com,+1 522 260 3998,Thoughtbridge,445,5222603998
Melonie,Jenkison,mjenkisonmf@feedburner.com,+1 522 532 9058,Skiptube,808,5225329058
Bonnie,Bartzen,bbartzenj5@seesaa.net,+1 523 545 5088,Edgewire,690,5235455088
Sylvan,Chastanet,schastanetbu@biglobe.ne.jp,+1 523 836 7684,Leexo,427,5238367684
Tonye,Taylot,ttaylotes@reuters.com,+1 524 119 6667,Twimbo,533,5241196667
Nobie,Viollet,nviollet7j@deviantart.com,+1 524 516 8900,Thoughtbridge,272,5245168900
Noll,Kilkenny,nkilkenny53@flickr.com,+1 525 141 6948,Linklinks,184,5251416948
Llewellyn,Worlidge,lworlidgeij@weibo.com,+1 525 186 4082,Brainlounge,668,5251864082
Dietrich,Garnsey,dgarnseyde@go.com,+1 526 806 6008,Plambee,483,5268066008
Stevie,Sizey,ssizey2o@blogtalkradio.com,+1 528 124 5532,Vitz,97,5281245532
Ambrosio,Tasch,ataschqz@apple.com,+1 529 181 9180,Fivebridge,972,5291819180
Selig,Candy,scandy5m@economist.com,+1 530 199 8506,Skidoo,203,5301998506
Silvano,Augar,saugar80@economist.com,+1 531 496 2118,Browsedrive,289,5314962118
Barbabra,Chastey,bchasteygf@businessinsider.com,+1 531 556 6177,Leenti,592,5315566177
Baxie,Beushaw,bbeushaw8y@goo.ne.jp,+1 531 675 4708,Tagopia,323,5316754708
Beilul,Kingsly,bkingsly9k@princeton.edu,+1 534 355 9034,Avamba,345,5343559034
Fulton,Simecek,fsimeceknw@wiley.com,+1 535 968 5571,Mybuzz,861,5359685571
Janina,Baldung,jbaldungq5@newyorker.com,+1 538 140 8684,Zoombeat,942,5381408684
Bradford,Kelf,bkelfa6@usda.gov,+1 538 292 8718,Thoughtmix,367,5382928718
Flint,Penburton,fpenburtonce@salon.com,+1 540 489 3933,Zoonoodle,447,5404893933
Grethel,Ferrotti,gferrottib8@blogger.com,+1 541 244 0493,Shuffledrive,405,5412440493
Austin,Aggott,aaggottef@lulu.com,+1 542 635 4007,Flashspan,520,5426354007
Theodoric,Halversen,thalversenmt@gnu.org,+1 542 925 3666,Brainverse,822,5429253666
Hayden,Gilroy,hgilroyr6@epa.gov,+1 543 740 1175,Lazzy,979,5437401175
Laurette,Petrillo,lpetrillole@abc.net.au,+1 543 940 0882,Wikizz,771,5439400882
Fraze,Borton,fbortonh3@smh.com.au,+1 544 739 6207,Photofeed,616,5447396207
Everett,Yakob,eyakobmh@japanpost.jp,+1 544 895 6847,Demivee,810,5448956847
Tammara,Coaker,tcoakerfr@skyrock.com,+1 544 959 5679,Ailane,568,5449595679
Cyril,Balser,cbalsercq@yahoo.com,+1 545 372 0832,Twimm,459,5453720832
Sal,Wiffield,swiffield78@diigo.com,+1 548 873 7997,Innotype,261,5488737997
Louise,Postin,lpostin1j@mail.ru,+1 549 122 6062,Voolia,56,5491226062
Vivi,Oldman,voldman3b@mashable.com,+1 549 230 3135,Blogtag,120,5492303135
Juliann,Bente,jbentein@yandex.ru,+1 549 693 7600,Skinder,672,5496937600
Jeddy,Verrico,jverrico89@ycombinator.com,+1 549 776 9367,Flashdog,298,5497769367
Smith,Neave,sneaveop@delicious.com,+1 551 532 7682,Topicblab,890,5515327682
Anabel,Edgworth,aedgworth8u@hhs.gov,+1 551 907 7272,Minyx,319,5519077272
Zaria,Ortiger,zortigera3@livejournal.com,+1 551 919 2768,Divanoodle,364,5519192768
Issiah,Cornelleau,icornelleaunk@craigslist.org,+1 551 999 9192,Aimbu,849,5519999192
Pacorro,Tresise,ptresise41@cmu.edu,+1 552 331 2599,Kazu,146,5523312599
Frazer,Haws,fhawsik@prnewswire.com,+1 553 370 0716,Babblestorm,669,5533700716
Sheffie,Janik,sjanik6a@comcast.net,+1 553 784 1460,Lazzy,227,5537841460
Gilles,Osgordby,gosgordby2n@google.com.br,+1 559 762 1479,Voonder,96,5597621479
Nickolai,Arkle,narklem3@illinois.edu,+1 559 764 2845,Chatterbridge,796,5597642845
Teodora,Paladino,tpaladinor2@apache.org,+1 560 867 8466,Mybuzz,975,5608678466
Christophe,Giorgeschi,cgiorgeschi46@wix.com,+1 561 468 5553,Centimia,151,5614685553
Tye,Mumberson,tmumberson3n@usa.gov,+1 562 902 6576,Muxo,132,5629026576
Ethe,Lages,elageskj@newyorker.com,+1 565 125 9949,Vipe,740,5651259949
Faustina,Marns,fmarns3p@chron.com,+1 566 301 8355,Demimbu,134,5663018355
Lionello,Skoate,lskoatem@live.com,+1 566 567 4588,Zooxo,23,5665674588
Anthiathia,Grollmann,agrollmannjp@storify.com,+1 567 140 7256,Skinte,710,5671407256
Wakefield,Sanz,wsanzrb@craigslist.org,+1 568 588 6715,Eidel,984,5685886715
Catie,Witherdon,cwitherdonew@spiegel.de,+1 568 602 9296,Abatz,537,5686029296
Laurie,Rive,lrivej8@rakuten.co.jp,+1 569 842 2292,Skidoo,693,5698422292
Denyse,Kubes,dkubesl0@seattletimes.com,+1 570 814 4368,Trudoo,757,5708144368
Minetta,Duquesnay,mduquesnayou@dedecms.com,+1 571 662 8179,Realpoint,895,5716628179
Darby,Gut,dgut3v@360.cn,+1 571 902 1663,Flipbug,140,5719021663
Marty,Hulance,mhulancecd@xing.com,+1 573 411 4175,Jayo,446,5734114175
Chancey,Lydiate,clydiateme@mac.com,+1 574 602 7963,Meemm,807,5746027963
Marietta,Briddock,mbriddockjf@nsw.gov.au,+1 576 218 9049,Aibox,700,5762189049
Davine,Ainge,dainge3l@woothemes.com,+1 576 792 0931,Gevee,130,5767920931
Saxe,Tudor,studorhm@statcounter.com,+1 576 839 2942,Meevee,635,5768392942
Maia,Towsey,mtowseyig@google.com.br,+1 576 880 0668,Yoveo,665,5768800668
Marybeth,Mc Trusty,Rey.Padberg@karina.biz,+1 577 652 9567,Kare,179,5776529567
Tate,Wims,twims5h@google.fr,+1 578 330 2268,Babbleblab,198,5783302268
Matthieu,Siebart,msiebart6t@home.pl,+1 578 624 6178,Ozu,246,5786246178
Krystalle,Rodgier,krodgieroh@wordpress.org,+1 578 921 3390,Plambee,882,5789213390
Rosmunda,Wilprecht,rwilprechtq1@cpanel.net,+1 578 993 8245,Yakitri,938,5789938245
Lance,Pedrielli,lpedriellidf@mac.com,+1 579 598 9604,Voonder,484,5795989604
Thaddeus,Archell,tarchellu@oracle.com,+1 580 459 4743,Eimbee,31,5804594743
Jose,Mackley,jmackley8d@nationalgeographic.com,+1 580 464 5991,Gigazoom,302,5804645991
Franzen,O'Sculley,fosculley4p@spotify.com,+1 580 621 8300,Zoonoodle,170,5806218300
Budd,Maton,bmaton54@bluehost.com,+1 580 656 9764,Camimbo,185,5806569764
Niall,McMeyler,nmcmeylerca@usda.gov,+1 584 218 9180,Twitternation,443,5842189180
Charlie,Huntington,chuntingtonhe@spiegel.de,+1 584 316 3673,Omba,627,5843163673
Bianka,Hewins,bhewinsrc@com.com,+1 584 591 3267,Trilia,985,5845913267
Lethia,Puckey,lpuckeyau@simplemachines.org,+1 584 627 7965,BlogXS,391,5846277965
Carree,Holdworth,choldworth7b@hatena.ne.jp,+1 584 706 8314,Devpulse,264,5847068314
Venus,Sanbrooke,vsanbrookeiy@ehow.com,+1 586 958 9762,Trudoo,683,5869589762
Fabio,McWilliams,fmcwilliamski@angelfire.com,+1 587 431 5474,Roodel,739,5874315474
Jennette,Pickston,jpickston56@tripadvisor.com,+1 587 844 2476,Dynazzy,187,5878442476
Wash,Bail,wbailfg@youtu.be,+1 588 519 0184,Topicware,557,5885190184
Farrell,Learmont,flearmontaw@tinypic.com,+1 588 992 9657,Kwilith,393,5889929657
Pansy,De Blasiis,pdeblasiismd@parallels.com,+1 592 274 0316,Yabox,806,5922740316
Maisey,Castellani,mcastellani7w@youku.com,+1 593 931 5723,Dablist,285,5939315723
Romeo,Goldbourn,rgoldbournm9@marriott.com,+1 594 321 9092,Realblab,802,5943219092
Ora,Buckel,obuckelkq@youtube.com,+1 596 163 3460,Tagchat,747,5961633460
Barris,Ballay,bballayk5@studiopress.com,+1 596 246 6092,Skalith,726,5962466092
Justinn,Carreyette,jcarreyette8l@businesswire.com,+1 596 355 6877,Yabox,310,5963556877
Claudian,Boyington,cboyingtonir@wunderground.com,+1 597 796 7462,Quimba,676,5977967462
Nickie,Liddyard,nliddyardn6@123-reg.co.uk,+1 598 564 3734,Twinder,835,5985643734
Gelya,Aseef,gaseefqe@utexas.edu,+1 598 764 4822,Geba,951,5987644822
Arlyne,Gilligan,agilligan94@cbsnews.com,+1 598 784 0291,Devshare,329,5987840291
Gussy,McCrum,gmccrumoi@state.gov,+1 599 785 9628,Photojam,883,5997859628
Aksel,Kloster,aklosterkw@theglobeandmail.com,+1 600 523 1316,Thoughtstorm,753,6005231316
Lucho,Cocksedge,lcocksedgejb@barnesandnoble.com,+1 601 224 3380,Livetube,696,6012243380
Vivien,Colombier,vcolombier1c@blogs.com,+1 601 961 2228,Eadel,49,6019612228
Culver,Fears,cfearsge@pen.io,+1 603 814 3632,Buzzbean,591,6038143632
Suellen,Georges,sgeorgesbt@blogger.com,+1 603 821 4119,Mybuzz,426,6038214119
Caddric,Dinis,cdinisp@blogger.com,+1 605 357 6166,Feedbug,26,6053576166
Archaimbaud,Durtnall,adurtnalleu@godaddy.com,+1 606 131 2488,Wikizz,535,6061312488
Herc,Vicarey,hvicareygb@mozilla.org,+1 608 140 1853,Wordware,588,6081401853
Stormie,Calcut,scalcutmg@microsoft.com,+1 608 429 4772,Skyble,809,6084294772
Mikel,Bremmer,mbremmer9v@e-recht24.de,+1 608 488 7667,Skalith,356,6084887667
Jerrilyn,Perrott,jperrottq6@shinystat.com,+1 608 529 9766,Omba,943,6085299766
Leshia,Hallede,lhallede5b@gizmodo.com,+1 608 823 6525,Realfire,192,6088236525
Aaron,Manie,amaniedm@sun.com,+1 609 130 5216,Tanoodle,491,6091305216
Sella,Neame,sneamef@google.com,+1 609 364 3798,Yacero,16,6093643798
Carole,Dougary,cdougary6p@cornell.edu,+1 610 600 3339,Youspan,242,6106003339
Dee dee,Thoday,dthoday8n@statcounter.com,+1 610 924 4289,Kimia,312,6109244289
Boycie,Quarlis,bquarlisn1@java.com,+1 611 109 8759,Mycat,830,6111098759
Eric,Wharram,ewharram22@people.com.cn,+1 613 787 3907,Dablist,75,6137873907
Lyman,Wolland,lwolland16@geocities.jp,+1 614 360 9043,Jetpulse,43,6143609043
Joye,MacCoveney,jmaccoveney3h@odnoklassniki.ru,+1 615 191 8962,JumpXS,126,6151918962
Magdaia,Lucchi,mlucchiq9@4shared.com,+1 615 768 4829,Avaveo,946,6157684829
Edeline,Millar,emillargj@skype.com,+1 616 444 7502,Tambee,596,6164447502
Ugo,Hackelton,uhackeltono7@de.vu,+1 616 573 0717,Tagchat,872,6165730717
Olimpia,Kitter,okitterbs@statcounter.com,+1 616 782 7013,Meedoo,425,6167827013
Leah,Heggman,lheggman7v@home.pl,+1 618 389 9306,Zazio,284,6183899306
Billi,McMichell,bmcmichelleo@princeton.edu,+1 619 319 2275,Gevee,529,6193192275
Brooks,Sidry,bsidrye1@geocities.jp,+1 619 614 4943,Meemm,506,6196144943
Marcus,Debrett,mdebretti1@blogspot.com,+1 621 316 4774,Feedspan,650,6213164774
Sergei,Benning,sbenningnl@istockphoto.com,+1 621 485 5596,Jazzy,850,6214855596
Salaidh,Buckle,sbucklekm@rakuten.co.jp,+1 622 609 1342,Babbleopia,743,6226091342
Darlene,Francescuzzi,dfrancescuzzikv@indiatimes.com,+1 622 801 5009,Jabbercube,752,6228015009
Peta,Linkie,plinkiegy@sphinn.com,+1 625 256 9573,Jabbersphere,611,6252569573
Herschel,Offield,hoffieldbc@naver.com,+1 625 407 3902,Tagopia,409,6254073902
Ellwood,Eminson,eeminsonro@hhs.gov,+1 626 396 2247,Dynabox,997,6263962247
Mychal,Pippin,mpippin64@arizona.edu,+1 626 405 4106,Tagopia,221,6264054106
Abraham,Grinyakin,agrinyakindh@ted.com,+1 626 882 4234,Chatterpoint,486,6268824234
Ilka,Philpot,iphilpotjt@salon.com,+1 628 645 2531,Voomm,714,6286452531
Les,Slot,lslotqc@wix.com,+1 631 662 4560,Oyope,949,6316624560
Terencio,Priscott,tpriscottrk@cocolog-nifty.com,+1 631 702 2904,Kazu,993,6317022904
Cletus,Haresign,charesignda@t.co,+1 633 593 4676,Quire,479,6335934676
Kennedy,Quartly,kquartlyhp@edublogs.org,+1 633 644 8243,Twinder,638,6336448243
Chase,Battman,cbattman4k@illinois.edu,+1 634 397 8712,Voolia,165,6343978712
Ruprecht,Ettery,retteryfv@oakley.com,+1 634 425 7573,Dabjam,572,6344257573
Kitty,Welbourn,kwelbourno2@nhs.uk,+1 634 714 7635,Gabtune,867,6347147635
Cliff,Blackleech,cblackleech71@seesaa.net,+1 636 690 5485,Meevee,254,6366905485
Mateo,Togher,mtogherqs@prlog.org,+1 636 751 0004,Brainsphere,965,6367510004
Leesa,Wixon,lwixonkg@chron.com,+1 640 147 1755,Tambee,737,6401471755
Louie,Cutchee,lcutcheej9@yahoo.co.jp,+1 642 396 4946,Jaxspan,694,6423964946
Cleon,Davidoff,cdavidoff1x@webmd.com,+1 643 271 9028,Skynoodle,70,6432719028
Gerhardt,Hoolaghan,ghoolaghancm@blogtalkradio.com,+1 643 928 0228,Yodoo,455,6439280228
Johannah,Brazenor,jbrazenor6o@wisc.edu,+1 644 215 5718,Riffpath,241,6442155718
Robbi,Scholer,rscholer1r@about.com,+1 644 730 3190,Bluezoom,64,6447303190
Eadith,Ezzle,eezzle8e@de.vu,+1 645 932 0668,Gigazoom,303,6459320668
Gus,Loton,gloton20@blinklist.com,+1 646 179 0001,Podcat,73,6461790001
Ilene,Lilley,ililleyga@sitemeter.com,+1 646 264 9575,Divavu,587,6462649575
Dominica,McGuiney,dmcguineyk2@multiply.com,+1 646 662 5360,Edgetag,723,6466625360
Heath,Vowels,hvowels2s@wsj.com,+1 648 497 6897,Layo,101,6484976897
Alyce,Jessope,ajessopend@1688.com,+1 648 874 8170,Mydo,842,6488748170
Paule,Thorington,pthoringtonf9@netlog.com,+1 649 354 6837,Linkbridge,550,6493546837
Sheila,Tumilson,stumilson3g@berkeley.edu,+1 650 806 0551,Riffwire,125,6508060551
Phaidra,Blinman,pblinmanmr@census.gov,+1 651 809 7235,Dabshots,820,6518097235
Gray,Yepiskov,gyepiskovpw@sciencedirect.com,+1 652 274 2747,Skinte,933,6522742747
Estelle,Burges,eburgesex@timesonline.co.uk,+1 653 677 1097,Bluejam,538,6536771097
Elden,Bernli,ebernliah@ezinearticles.com,+1 653 937 7035,Dynabox,378,6539377035
Philippe,Rodolf,prodolfq3@msn.com,+1 654 640 2419,Minyx,940,6546402419
Rolfe,Akenhead,rakenheadlz@twitpic.com,+1 655 450 7722,Kare,792,6554507722
Sophie,Van der Daal,svanderdaalb2@icq.com,+1 658 421 0455,Rhyloo,399,6584210455
Willetta,Limerick,wlimerickmk@hp.com,+1 658 881 3531,Tagpad,813,6588813531
Bobbette,Alvar,balvarc5@opensource.org,+1 660 270 9856,Wordify,438,6602709856
Justis,Beeston,jbeeston6m@hugedomains.com,+1 661 948 3389,Omba,239,6619483389
Yasmeen,Mepham,ymephamjw@miibeian.gov.cn,+1 662 116 5550,Kazu,717,6621165550
Cly,Nann,cnann5j@sina.com.cn,+1 662 868 1294,Twimbo,200,6628681294
Harley,Baglin,hbaglinbq@gnu.org,+1 664 604 1443,Thoughtmix,423,6646041443
Chance,Mathelon,cmathelonko@cmu.edu,+1 665 319 2277,BlogXS,745,6653192277
Richie,Drei,rdreio5@xinhuanet.com,+1 665 438 6929,Roombo,870,6654386929
Herby,Filochov,hfilochov60@google.pl,+1 665 723 1909,Linkbuzz,217,6657231909
Rosco,Empson,rempsonkl@bluehost.com,+1 665 763 1833,Skyndu,742,6657631833
Misha,Wesker,mwesker6l@mtv.com,+1 667 518 8296,Quimm,238,6675188296
Bryce,Adne,badne1u@wikispaces.com,+1 669 119 3990,Teklist,67,6691193990
Morissa,Skermer,mskermer3e@go.com,+1 669 609 1432,Topicblab,123,6696091432
Clay,Konzel,ckonzel59@wikipedia.org,+1 670 429 0388,Voomm,190,6704290388
Rozamond,Wassell,rwassellk3@who.int,+1 670 464 4229,Trilith,724,6704644229
Emylee,Philbrick,ephilbrickcl@ed.gov,+1 671 100 4437,Linkbridge,454,6711004437
Westley,Fipp,wfipppi@bloglines.com,+1 671 695 7680,Blogtags,919,6716957680
Gussy,Videler,gvidelerk4@goo.ne.jp,+1 672 340 1681,Devshare,725,6723401681
Abdul,Bedingfield,abedingfield2u@gizmodo.com,+1 672 361 2055,Rhyloo,103,6723612055
Nicolas,Scanlon,nscanlon9w@shop-pro.jp,+1 672 534 4459,Bubblebox,357,6725344459
Filip,Hamley,fhamleyhi@ehow.com,+1 672 849 9513,Yotz,631,6728499513
Nikki,Macbane,nmacbane8s@indiegogo.com,+1 673 341 3979,Oyondu,317,6733413979
Shirline,Casterton,scastertonhd@paginegialle.it,+1 674 869 0304,Vinder,626,6748690304
Brennen,Godbald,bgodbaldob@businessinsider.com,+1 675 747 2066,Snaptags,876,6757472066
Terri,Binion,tbinion4r@amazon.co.uk,+1 675 979 9454,Trilia,172,6759799454
Elsi,Gladman,egladmanhf@skype.com,+1 676 297 2697,Skyndu,628,6762972697
Carlin,Siddon,csiddonr4@printfriendly.com,+1 679 436 5430,Skidoo,977,6794365430
Chris,Hynam,chynamp9@google.com.au,+1 679 903 2503,Centidel,910,6799032503
Pieter,Girardetti,pgirardettip8@google.de,+1 679 987 2304,Yata,909,6799872304
Willdon,De La Hay,wdelahayom@foxnews.com,+1 680 250 2915,Twitterworks,887,6802502915
Vivyan,Cubin,vcubin8i@nationalgeographic.com,+1 684 588 5268,Oba,307,6845885268
Ring,Calcutt,rcalcuttdj@sourceforge.net,+1 684 615 7906,Zooxo,488,6846157906
Peta,Paz,ppazqj@usatoday.com,+1 685 275 9069,Skalith,956,6852759069
Vannie,Oganesian,voganesian9n@indiegogo.com,+1 685 473 7601,Jazzy,348,6854737601
Robinia,Leverich,rleverichbj@indiegogo.com,+1 686 338 9528,Wordpedia,416,6863389528
Ernest,Dannell,edannell6h@facebook.com,+1 686 839 0153,Topicblab,234,6868390153
Gerry,Warsop,gwarsop87@biglobe.ne.jp,+1 687 139 2652,Livepath,296,6871392652
Petronia,Buckenhill,pbuckenhilld3@pen.io,+1 688 162 4058,Avaveo,472,6881624058
Jefferson,Goulbourn,jgoulbournoc@comcast.net,+1 688 177 5257,Zoonoodle,877,6881775257
Xymenes,Trehearn,xtrehearnlp@discuz.net,+1 689 163 3097,Rhynoodle,782,6891633097
Mic,Hultberg,mhultberg3c@dropbox.com,+1 690 423 9832,Kamba,121,6904239832
Lanette,Jekyll,ljekyllpb@posterous.com,+1 691 446 2780,Realmix,912,6914462780
Layney,Yates,lyates4l@princeton.edu,+1 693 923 4765,Ntags,166,6939234765
Earl,Gwyllt,egwylltdd@printfriendly.com,+1 694 124 0102,Quatz,482,6941240102
Alfie,Fridd,afriddo8@samsung.com,+1 694 828 0646,Izio,873,6948280646
Rick,Glayzer,rglayzer1@businesswire.com,+1 695 128 3210,Realpoint,2,6951283210
Cilka,Van Niekerk,cvanniekerkl3@hhs.gov,+1 696 513 8734,Bluezoom,760,6965138734
Ali,Earsman,aearsman40@upenn.edu,+1 697 954 5724,Photobug,145,6979545724
Annmaria,De Blasio,adeblasiodn@phpbb.com,+1 699 606 7519,Eayo,492,6996067519
Clay,Hagley,chagleyaj@mtv.com,+1 699 932 6694,Edgeblab,380,6999326694
Duane,Kolak,dkolak2r@netvibes.com,+1 700 711 3532,Mynte,100,7007113532
Esmeralda,Buske,ebuskeba@narod.ru,+1 700 969 6983,Yoveo,407,7009696983
Brucie,Wasylkiewicz,bwasylkiewiczct@gmpg.org,+1 701 454 4052,Shufflester,462,7014544052
Clayborn,Manston,cmanstonw@angelfire.com,+1 702 464 1437,Twinder,33,7024641437
Martie,Kensley,mkensleya0@issuu.com,+1 702 731 6365,Eire,361,7027316365
Janaye,Monini,jmoninip1@kickstarter.com,+1 703 730 7388,Tagchat,902,7037307388
Anissa,Cranston,acranstonbg@studiopress.com,+1 707 282 6158,Livetube,413,7072826158
Tam,Wooddisse,twooddissepa@accuweather.com,+1 707 635 8147,Skipstorm,911,7076358147
Alyse,Grewcock,agrewcockgg@istockphoto.com,+1 712 674 5990,Agivu,593,7126745990
Joella,McIlwraith,jmcilwraith9p@comsenz.com,+1 712 847 2008,Demimbu,350,7128472008
Rosanne,Bastistini,rbastistiniib@chron.com,+1 713 288 1838,Quinu,660,7132881838
Mayne,Rookwell,mrookwellby@sciencedaily.com,+1 713 666 5955,Devpulse,431,7136665955
Merla,Coathup,mcoathup2z@csmonitor.com,+1 713 950 6022,Meevee,108,7139506022
Saloma,Bartolommeo,sbartolommeoad@wufoo.com,+1 714 153 1438,Twitterwire,374,7141531438
Shea,Hayford,shayfordb4@sciencedirect.com,+1 716 842 5288,Demizz,401,7168425288
Hart,Lockey,hlockeyl5@ifeng.com,+1 717 703 0434,Twimm,762,7177030434
Goldie,Howse,ghowsejx@columbia.edu,+1 717 716 5748,Kare,718,7177165748
Herman,Darragon,hdarragoneb@prweb.com,+1 718 773 5137,Mycat,516,7187735137
Reggy,Iskow,riskow8g@unesco.org,+1 719 580 8376,Ozu,305,7195808376
Jules,McCarrick,jmccarrick48@joomla.org,+1 720 437 2652,Skyba,153,7204372652
Arny,Duthie,aduthiehj@nbcnews.com,+1 720 508 8914,Tanoodle,632,7205088914
April,Stedall,astedallbx@europa.eu,+1 721 181 5253,Npath,430,7211815253
Chrissy,Pavyer,cpavyernq@admin.ch,+1 723 223 3655,Skipfire,855,7232233655
Aura,Wimpey,awimpeynj@51.la,+1 723 366 3855,Yodel,848,7233663855
Giff,Fairbeard,gfairbeard51@altervista.org,+1 724 332 8234,Layo,182,7243328234
Kippie,Kless,kklessrm@sogou.com,+1 725 425 3103,Twitterbeat,995,7254253103
Ofelia,Frankiss,ofrankissbz@soundcloud.com,+1 725 897 0605,Skalith,432,7258970605
Thurston,Supple,tsupplef8@cloudflare.com,+1 727 381 1438,Abatz,549,7273811438
Desmund,Breit,dbreitls@stanford.edu,+1 727 454 9275,Yoveo,785,7274549275
Megen,Harget,mharget2m@themeforest.net,+1 727 885 0272,Kanoodle,95,7278850272
Dina,Arnli,darnlia9@wordpress.com,+1 728 160 8984,Twimbo,370,7281608984
Krishna,Troy,ktroypf@jimdo.com,+1 729 441 4898,Riffwire,916,7294414898
Fallon,Lafoy,flafoy37@360.cn,+1 730 377 1255,Yamia,116,7303771255
Kyrstin,Templar,ktemplarn9@baidu.com,+1 730 545 1735,Latz,838,7305451735
Gusella,Saurat,gsauratbd@mlb.com,+1 731 450 5448,Gigaclub,410,7314505448
Iormina,Duval,iduvalqt@twitpic.com,+1 731 633 1344,Dabfeed,966,7316331344
Blake,Tregiddo,btregiddoku@prnewswire.com,+1 731 655 4758,Omba,751,7316554758
Chiquia,Canfer,ccanferh6@ocn.ne.jp,+1 731 776 4477,Fiveclub,619,7317764477
Conrado,Baudou,cbaudoubh@hc360.com,+1 733 831 0223,Zoomdog,414,7338310223
Belicia,Toop,btoopnu@soup.io,+1 734 348 4888,Dabvine,859,7343484888
Dolorita,Matussow,dmatussowdv@nbcnews.com,+1 736 561 0595,Linkbridge,500,7365610595
Nial,Eastridge,neastridge9z@purevolume.com,+1 737 968 2942,Jabberbean,360,7379682942
Cornall,Flaonier,cflaonierbo@chron.com,+1 738 531 7919,Aivee,421,7385317919
Rich,Satcher,rsatchergc@patch.com,+1 738 906 1825,Feedmix,589,7389061825
Amandi,Ianizzi,aianizzie0@t.co,+1 739 173 6020,InnoZ,505,7391736020
Ethelbert,Warke,ewarkeft@archive.org,+1 740 546 7843,Jabberstorm,570,7405467843
Fallon,Greenig,fgreenigbl@upenn.edu,+1 740 759 5858,Jabbercube,418,7407595858
Giffer,Urvoy,gurvoyl6@cafepress.com,+1 741 131 0747,Youbridge,763,7411310747
Saxe,Androck,sandrockq2@zdnet.com,+1 741 687 2813,Kwinu,939,7416872813
Lonny,Masterson,lmastersonev@google.nl,+1 741 932 6279,Zoonoodle,536,7419326279
Lauren,Lindro,llindro7e@reference.com,+1 743 266 9911,Avamba,267,7432669911
Brittni,Buffin,bbuffina1@cmu.edu,+1 744 399 9125,Camido,362,7443999125
Hana,Sheldon,hsheldonl2@prlog.org,+1 744 466 6943,Aimbo,759,7444666943
Gweneth,Frankiewicz,gfrankiewicznz@geocities.jp,+1 744 539 9543,Dynabox,864,7445399543
Darin,Allon,dalloncp@skyrock.com,+1 748 764 8351,Browsetype,458,7487648351
Robinson,Cullimore,rcullimorepx@stumbleupon.com,+1 749 766 2971,Skivee,934,7497662971
Charlena,Patient,cpatient74@com.com,+1 750 221 3587,Feedbug,257,7502213587
Othelia,Oglethorpe,ooglethorpei6@ft.com,+1 750 452 5383,Twimm,655,7504525383
Cosette,Thornebarrow,cthornebarrowen@examiner.com,+1 751 228 1950,Lajo,528,7512281950
Max,Derill,mderillj3@sciencedaily.com,+1 751 425 3476,Dablist,688,7514253476
Yalonda,Cliss,yclisspm@moonfruit.com,+1 751 975 4376,Ainyx,923,7519754376
Vasily,Oliveto,volivetogn@myspace.com,+1 752 286 2697,Dynabox,600,7522862697
Ronni,O' Timony,rotimonym8@sourceforge.net,+1 754 257 9661,Thoughtstorm,801,7542579661
Maribeth,Reveland,mreveland6f@cisco.com,+1 754 980 5579,Edgeblab,232,7549805579
King,Rakestraw,krakestrawb1@mysql.com,+1 755 826 0020,Quatz,398,7558260020
Alissa,Bielefeld,abielefeldky@drupal.org,+1 756 948 8459,Agimba,755,7569488459
Honor,Newlove,hnewlove8t@cam.ac.uk,+1 759 285 0307,Jaloo,318,7592850307
Yard,Harber,yharbereg@squarespace.com,+1 764 520 8060,Centidel,521,7645208060
Filbert,Dundredge,fdundredge3j@merriam-webster.com,+1 766 182 0851,Avamba,128,7661820851
Sander,Bambery,sbambery9b@europa.eu,+1 767 999 4692,Topicstorm,336,7679994692
Rodney,Showt,rshowtbn@cam.ac.uk,+1 768 639 9311,Abatz,420,7686399311
Karena,Philippou,kphilippouoe@wix.com,+1 769 634 0686,Layo,879,7696340686
Free,Palethorpe,fpalethorpeek@altervista.org,+1 770 575 4816,Thoughtmix,525,7705754816
Barry,O'Bruen,bobruen0@opera.com,+1 771 344 9698,Dynabox,1,7713449698
Johnathon,Springle,jspringlefp@miitbeian.gov.cn,+1 771 659 5095,Kazu,566,7716595095
Dulcea,Aronovich,daronovichd0@de.vu,+1 772 511 0297,Trilia,469,7725110297
Stillman,Blunsom,sblunsomf6@ezinearticles.com,+1 772 736 4986,Quire,547,7727364986
Trisha,Forseith,tforseithaa@jiathis.com,+1 772 911 2818,Blognation,371,7729112818
Clemence,Durante,cdurantebr@furl.net,+1 773 828 6589,Voomm,424,7738286589
Katha,Blay,kblay61@opensource.org,+1 774 341 1588,Mudo,218,7743411588
Michael,Kippax,mkippaxoa@networkadvertising.org,+1 776 745 3141,Rhybox,875,7767453141
Leslie,Crapper,lcrapperne@biglobe.ne.jp,+1 776 942 0576,Buzzshare,843,7769420576
Loni,Wogden,lwogdenox@state.gov,+1 777 426 5313,Meedoo,898,7774265313
Berkly,McGinn,bmcginnpz@adobe.com,+1 778 255 7459,Topicshots,936,7782557459
Nara,Speerman,nspeerman7n@microsoft.com,+1 778 464 4493,Jaxworks,276,7784644493
Germana,Yersin,gyersinj@163.com,+1 779 669 2388,Dabvine,20,7796692388
Eolanda,Kupisz,ekupisz1t@ow.ly,+1 780 250 7210,Cogibox,66,7802507210
Bradley,McLaren,bmclarenog@unc.edu,+1 780 416 1674,Gigashots,881,7804161674
Xerxes,Curro,xcurro2h@mozilla.com,+1 780 947 0532,Feedfish,90,7809470532
Germana,Imlin,gimlin3a@patch.com,+1 782 461 0271,Oba,119,7824610271
Luis,Streight,lstreight7k@plala.or.jp,+1 783 848 1133,Skidoo,273,7838481133
Dieter,Yeskov,dyeskov98@hao123.com,+1 784 303 1747,Tazzy,333,7843031747
Pris,Geldeford,pgeldefordqh@youtube.com,+1 784 584 9358,Yambee,954,7845849358
Elladine,Legister,elegisterds@stumbleupon.com,+1 786 396 5307,Jabberbean,497,7863965307
Staffard,Cordelet,scordelet35@google.cn,+1 786 775 4285,Zoomdog,114,7867754285
Kerwinn,Whether,kwhethern2@pinterest.com,+1 786 916 8957,Twitternation,831,7869168957
Lucy,Swaile,lswailebf@symantec.com,+1 787 286 3549,Jaxbean,412,7872863549
Natka,Exter,nexterpy@ft.com,+1 787 970 7844,Jaloo,935,7879707844
Gnni,Haster,ghasterc2@soup.io,+1 793 117 8282,Bubblebox,435,7931178282
Elissa,Gresswood,egresswoodag@geocities.com,+1 793 263 5263,Riffwire,377,7932635263
Abraham,Western,awestern6v@tinyurl.com,+1 793 272 3366,Realbridge,248,7932723366
Viv,Weldrick,vweldrickcn@e-recht24.de,+1 793 392 1991,Feedfish,456,7933921991
Brianna,Adame,badamem1@dropbox.com,+1 793 677 4335,Jaxnation,794,7936774335
Cynthy,Wasiela,cwasielalb@unc.edu,+1 794 341 9372,Oodoo,768,7943419372
Ranice,Dietz,rdietzh1@japanpost.jp,+1 794 689 2711,Divanoodle,614,7946892711
Denis,McCoish,dmccoish72@skype.com,+1 795 631 8225,Teklist,255,7956318225
Armand,Hulse,ahulse6e@intel.com,+1 796 344 1067,Zoombox,231,7963441067
Aleece,Sloane,asloane76@youtube.com,+1 802 225 2415,Agimba,259,8022252415
Miller,Van der Velde,mvanderveldelo@phpbb.com,+1 802 393 9693,Aimbo,781,8023939693
Luce,Tamsett,ltamsett79@comsenz.com,+1 802 477 7823,Meedoo,262,8024777823
Kamila,Canton,kcantona@51.la,+1 805 118 9784,Youspan,11,8051189784
Grady,Brognot,gbrognot13@webmd.com,+1 805 522 7573,Meemm,40,8055227573
Sasha,McNirlan,smcnirlanf7@google.cn,+1 805 767 2735,Kwinu,548,8057672735
Tabatha,Zanetti,tzanettipq@cocolog-nifty.com,+1 805 952 5106,Brightbean,927,8059525106
Marjy,Dorsey,mdorseyhu@who.int,+1 805 968 7680,Mynte,643,8059687680
Shepard,Pointer,spointeri7@webnode.com,+1 806 153 2905,Skimia,656,8061532905
Shae,Lichfield,slichfield5r@latimes.com,+1 806 875 6466,Tagcat,208,8068756466
Harry,Lazenbury,hlazenbury1v@histats.com,+1 808 695 3306,Riffwire,68,8086953306
Blisse,Puckett,bpuckett67@typepad.com,+1 809 978 2721,Chatterbridge,224,8099782721
Luca,Avery,laverybv@amazon.de,+1 812 165 0810,Latz,428,8121650810
Nanete,Theuss,ntheusskc@dyndns.org,+1 812 674 4716,Thoughtstorm,733,8126744716
Libbey,Bruntjen,lbruntjenpt@ebay.co.uk,+1 815 178 4768,Nlounge,930,8151784768
Kiel,Dorsett,kdorsett4j@walmart.com,+1 815 943 7347,Blogspan,164,8159437347
Helge,Mate,hmatefx@indiegogo.com,+1 816 781 1710,Yakijo,574,8167811710
Ingunna,Jacobovitch,ijacobovitchqb@yahoo.co.jp,+1 816 910 1439,Skibox,948,8169101439
Shannen,Dyzart,sdyzartic@msu.edu,+1 817 746 9106,Fatz,661,8177469106
Yard,Wands,ywandsfn@lycos.com,+1 817 901 6544,Oba,564,8179016544
Murdoch,Jehu,mjehuc9@dropbox.com,+1 818 241 5427,Oozz,442,8182415427
Conrado,Monkleigh,cmonkleighb6@reference.com,+1 818 446 3123,Yozio,403,8184463123
Krysta,Annion,kanniono4@edublogs.org,+1 820 521 0425,Trunyx,869,8205210425
Olenka,Marjoram,omarjoram8a@squarespace.com,+1 821 131 1779,Twitterbridge,299,8211311779
Sophi,Whittlesey,swhittlesey99@netlog.com,+1 821 724 4843,Edgeify,334,8217244843
Jackie,Gratten,jgratteng0@mozilla.org,+1 822 589 6788,Buzzbean,577,8225896788
Kyrstin,Scarr,kscarrni@webnode.com,+1 823 869 0869,Thoughtblab,847,8238690869
Ber,Ledingham,bledingham38@accuweather.com,+1 824 351 8542,Divape,117,8243518542
Janene,Ralton,jralton2x@oakley.com,+1 825 554 3461,Leenti,106,8255543461
Saxe,Bowley,sbowleyqy@washingtonpost.com,+1 826 385 0059,Rhynyx,971,8263850059
Husein,Gladwish,hgladwishao@weibo.com,+1 826 998 7826,Wikizz,385,8269987826
Nero,Cowen,ncowenb7@simplemachines.org,+1 827 153 3408,Flashspan,404,8271533408
Betty,Legate,blegatejq@google.nl,+1 827 839 7016,Shuffletag,711,8278397016
Charyl,Remon,cremon6d@gnu.org,+1 828 952 4168,Mydo,230,8289524168
Cele,Gallety,cgalletygm@ovh.net,+1 830 379 0369,Geba,599,8303790369
Woodrow,Dower,wdoweroq@weibo.com,+1 830 479 9770,Innojam,891,8304799770
Tova,Petruska,tpetruska9o@sfgate.com,+1 830 540 5688,Eare,349,8305405688
Adriano,Burrill,aburrillje@theglobeandmail.com,+1 833 276 5949,Browsedrive,699,8332765949
Nikolaus,Yashnov,nyashnov9u@msu.edu,+1 834 473 8040,Yodel,355,8344738040
Beck,Mattussevich,bmattussevichrl@disqus.com,+1 835 526 3185,Topicshots,994,8355263185
Euell,Giraudoux,egiraudouxep@blinklist.com,+1 835 899 0486,Yadel,530,8358990486
Caralie,Lamp,clampkt@theglobeandmail.com,+1 836 127 4587,Leenti,750,8361274587
Ricard,Coslett,rcoslettlf@privacy.gov.au,+1 839 171 5792,Bluezoom,772,8391715792
Vasilis,Keeffe,vkeeffejh@so-net.ne.jp,+1 839 530 2356,BlogXS,702,8395302356
Gael,Pettit,gpettiti2@cargocollective.com,+1 840 742 6746,Rhynoodle,651,8407426746
Vladimir,Dybald,vdybald7o@diigo.com,+1 842 186 9765,Midel,277,8421869765
Barry,Slamaker,bslamaker5n@marketwatch.com,+1 844 465 1155,Latz,204,8444651155
Bram,Scoular,bscoularn@wp.com,+1 844 834 7146,Skimia,24,8448347146
Case,Siddle,csiddle6x@printfriendly.com,+1 844 945 7074,Twinder,250,8449457074
Merilyn,Gioani,mgioaniak@163.com,+1 844 986 4517,Zoombox,381,8449864517
Dev,Pryor,dpryord@berkeley.edu,+1 845 610 3518,Demizz,14,8456103518
Jobi,Van Niekerk,jvanniekerknb@ucoz.com,+1 845 610 9606,Demizz,840,8456109606
North,McGaugie,nmcgaugieas@yelp.com,+1 845 636 9373,Brainbox,389,8456369373
Tracey,Fairlem,tfairlem5p@google.pl,+1 845 714 8565,Oodoo,206,8457148565
Clarissa,Hickenbottom,chickenbottom6i@technorati.com,+1 845 950 2587,Bubblebox,235,8459502587
Alta,Crampsey,acrampseyr8@irs.gov,+1 846 443 4547,Fadeo,981,8464434547
Loren,Elgar,lelgarb9@nyu.edu,+1 846 591 7860,Dynabox,406,8465917860
Konstantine,Bytheway,kbythewayju@google.it,+1 848 579 6620,Twimbo,715,8485796620
Mitch,Kuschel,mkuschel2k@goo.ne.jp,+1 848 987 9340,Zoomdog,93,8489879340
Valentino,Snowden,vsnowdengq@guardian.co.uk,+1 849 237 0016,Shufflester,603,8492370016
Ebba,Peatman,epeatmanhb@cbc.ca,+1 849 871 9690,Quatz,624,8498719690
Sanford,Gimblett,sgimblettm6@livejournal.com,+1 853 570 4197,Eadel,799,8535704197
Erl,Aiskrigg,eaiskriggkx@sourceforge.net,+1 854 116 4087,Meejo,754,8541164087
Berrie,Rummery,brummeryhy@gmpg.org,+1 855 704 2495,Yamia,647,8557042495
Amery,Bedow,abedowqk@bluehost.com,+1 856 236 9858,Zooveo,957,8562369858
Roxanna,Ghione,rghione1m@imdb.com,+1 856 747 5915,Trilia,59,8567475915
Hendrika,Lightman,hlightman49@ehow.com,+1 858 510 1901,Mycat,154,8585101901
Mirelle,Impett,mimpettfj@jimdo.com,+1 858 779 5025,Zoomzone,560,8587795025
Oriana,Hawkeswood,ohawkeswoodnn@dell.com,+1 859 957 8561,Thoughtblab,852,8599578561
Galen,Hamp,ghamp5c@theglobeandmail.com,+1 860 776 9850,Voonyx,193,8607769850
Kenton,Tinsley,ktinsleyf2@behance.net,+1 861 143 0333,Livefish,543,8611430333
Row,Hembling,rhemblingr1@state.gov,+1 861 948 4094,Myworks,974,8619484094
Jeralee,Couling,jcoulingja@gmpg.org,+1 862 236 4171,Skimia,695,8622364171
Sigrid,Florey,sfloreydy@over-blog.com,+1 862 305 9804,Ooba,503,8623059804
Charlotta,Stobbe,cstobbefe@nhs.uk,+1 862 381 3329,Zooveo,555,8623813329
Andriana,Disbrow,adisbrowdk@delicious.com,+1 862 970 2603,Zooveo,489,8629702603
Netti,Caghan,ncaghank9@tinypic.com,+1 863 919 7546,Miboo,730,8639197546
Berta,Olenin,bolenincw@usnews.com,+1 863 955 1936,Youfeed,465,8639551936
Gigi,O'Hone,gohone9m@senate.gov,+1 864 792 0755,Browsezoom,347,8647920755
Flo,Hollier,fhollier8k@twitpic.com,+1 866 746 4088,Omba,309,8667464088
Shani,Addis,saddis2b@youtube.com,+1 866 750 7750,Tagcat,84,8667507750
Rebe,Leckie,rleckie2y@auda.org.au,+1 867 719 7537,Jaloo,107,8677197537
Moria,Tiltman,mtiltmanmx@eepurl.com,+1 867 827 8689,Meevee,826,8678278689
Hoyt,Kingscote,hkingscote8@ca.gov,+1 868 510 4541,Avaveo,9,8685104541
Nydia,Carme,ncarmegs@linkedin.com,+1 868 839 8311,Wordtune,605,8688398311
Derby,Kienle,dkienle7x@bluehost.com,+1 869 120 0998,Youfeed,286,8691200998
Malchy,Beilby,mbeilby1w@npr.org,+1 870 229 9405,Muxo,69,8702299405
Alley,Erwin,aerwin4t@examiner.com,+1 870 544 5278,Yakidoo,174,8705445278
Catherine,Biddlestone,cbiddlestonemo@phpbb.com,+1 872 144 8387,Ozu,817,8721448387
Ada,Mildenhall,amildenhall3x@gizmodo.com,+1 872 549 4126,Eidel,142,8725494126
Atalanta,Kitcher,akitcher2f@infoseek.co.jp,+1 874 262 6048,Photospace,88,8742626048
Tristan,Spindler,tspindlerk6@trellian.com,+1 874 562 0105,Centimia,727,8745620105
Debby,Eggers,deggers2i@ftc.gov,+1 875 128 8451,Photobug,91,8751288451
Demott,Calrow,dcalrow50@washingtonpost.com,+1 875 724 2875,Devshare,181,8757242875
Baryram,Sliman,bsliman1d@ezinearticles.com,+1 875 845 9716,Browsecat,50,8758459716
Pall,Menco,pmencodo@exblog.jp,+1 877 389 9231,Viva,493,8773899231
Koo,Baddiley,kbaddiley8j@yellowbook.com,+1 877 656 6948,Tazzy,308,8776566948
Izabel,Abrahamsohn,iabrahamsohnit@amazon.co.uk,+1 878 323 2532,Yadel,678,8783232532
Skyler,Minithorpe,sminithorpe9e@g.co,+1 878 898 4189,Kwimbee,339,8788984189
Minna,Saing,msaingcr@soundcloud.com,+1 879 392 8368,Gigazoom,460,8793928368
Carlynn,Corrin,ccorrin10@youtu.be,+1 879 702 8539,Gabcube,37,8797028539
Thedrick,Barthod,tbarthodgi@ning.com,+1 880 415 1314,Katz,595,8804151314
Gaelan,Whitcher,gwhitcherhz@ucla.edu,+1 880 944 7028,Babbleopia,648,8809447028
Kendra,Blasing,kblasingc4@cargocollective.com,+1 881 821 3574,Skyble,437,8818213574
Albina,Cortez,acortez1e@homestead.com,+1 882 586 5178,Gigashots,51,8825865178
Juline,Housego,jhousego5u@opera.com,+1 885 552 8319,Pixoboo,211,8855528319
Hyacintha,Olyff,holyffdi@independent.co.uk,+1 887 880 1390,Babbleopia,487,8878801390
Farlie,Aysik,faysikb@ox.ac.uk,+1 888 795 4096,Zoonder,12,8887954096
Ellis,Kavanagh,ekavanaghcs@homestead.com,+1 889 771 4024,Youfeed,461,8897714024
Marrissa,Hullyer,mhullyer96@facebook.com,+1 890 375 4834,Minyx,331,8903754834
Gregor,Spraging,gspraging3w@tinypic.com,+1 891 416 6305,Rhycero,141,8914166305
Korey,Davidwitz,kdavidwitz43@slideshare.net,+1 891 789 9404,Skiba,148,8917899404
Abbie,Goold,agooldk1@arstechnica.com,+1 893 508 1421,Twitternation,722,8935081421
Peder,Woodyeare,pwoodyearer3@1und1.de,+1 895 437 9941,Yambee,976,8954379941
Mitzi,Sorro,msorrokr@amazon.co.uk,+1 896 521 7501,Trupe,748,8965217501
Jenda,Teager,jteagerfs@mapy.cz,+1 896 848 4287,Youspan,569,8968484287
Randolf,Benford,rbenfordjd@mayoclinic.com,+1 896 919 1971,Aimbo,698,8969191971
Sharlene,Johannes,sjohanneshl@cmu.edu,+1 897 498 1711,Plajo,634,8974981711
Rodolphe,Loudwell,rloudwell1n@gnu.org,+1 898 105 3040,Avavee,60,8981053040
Bent,Coraini,bcoraininh@yale.edu,+1 898 149 7899,Skyvu,846,8981497899
Devy,Limpkin,dlimpkin8w@amazon.de,+1 898 483 0953,Devbug,321,8984830953
Charles,Farbrace,cfarbraceoo@arstechnica.com,+1 900 185 0286,Blogpad,889,9001850286
Mordy,Danby,mdanby8x@kickstarter.com,+1 903 174 4488,Flashspan,322,9031744488
Son,Richfield,srichfieldo@dailymotion.com,+1 903 613 3350,Thoughtbeat,25,9036133350
Hanan,Dibbert,hdibbertc7@cnn.com,+1 905 125 4499,Tagfeed,440,9051254499
Avery,Bettington,abettington5z@free.fr,+1 905 248 5412,InnoZ,216,9052485412
Laureen,Abilowitz,labilowitzpo@hp.com,+1 905 337 8243,Fanoodle,925,9053378243
Josiah,Doneld,jdoneld9h@elegantthemes.com,+1 905 394 1017,Ozu,342,9053941017
Creighton,Trayling,ctraylingcj@bravesites.com,+1 906 463 7415,Lazz,452,9064637415
Shep,Hambelton,shambelton4z@photobucket.com,+1 906 499 9043,Lazzy,180,9064999043
Jana,Ainslie,jainslie6y@addtoany.com,+1 907 355 9740,Skyble,251,9073559740
Linnie,Rosellini,lrosellini18@sitemeter.com,+1 907 440 5668,Jaxspan,45,9074405668
Carlee,Linden,clindenmp@blinklist.com,+1 908 796 7994,Zoozzy,818,9087967994
Ole,Lewin,olewing8@wordpress.org,+1 909 261 8313,Jetpulse,585,9092618313
Roselia,Oldroyde,roldroyde4u@cisco.com,+1 909 639 3155,Dabfeed,175,9096393155
Delmar,Houltham,dhoulthamio@nba.com,+1 909 728 7748,Wikizz,673,9097287748
Alvin,Milward,amilward58@salon.com,+1 911 161 2470,Trilia,189,9111612470
Wiley,Aynold,waynoldp3@usatoday.com,+1 911 840 8390,Feedbug,904,9118408390
Silvan,Landeg,slandeg2j@mysql.com,+1 912 481 0526,Vinte,92,9124810526
Bellina,Dreschler,bdreschlerhc@hp.com,+1 913 194 2205,Aibox,625,9131942205
Neila,Scolding,nscoldingia@scribd.com,+1 913 539 3399,Buzzdog,659,9135393399
Odetta,Petruska,opetruskamn@chronoengine.com,+1 914 503 8370,Yamia,816,9145038370
Giacomo,Aspray,gaspray7@java.com,+1 915 407 1926,Kwilith,8,9154071926
Constancia,Gillbard,cgillbard7i@dailymotion.com,+1 916 554 9119,Tekfly,271,9165549119
Paulette,Truscott,ptruscott42@mediafire.com,+1 916 784 8220,Zoombox,147,9167848220
Chester,Knowling,cknowlingiv@uol.com.br,+1 918 734 7807,Yata,680,9187347807
Ellery,Tinniswood,etinniswood5v@discuz.net,+1 918 766 2848,Vimbo,212,9187662848
Evyn,Garnsworth,egarnsworthnp@hatena.ne.jp,+1 919 370 6258,Riffpedia,854,9193706258
Tasia,Severy,tsevery81@shinystat.com,+1 920 469 9583,Topicstorm,290,9204699583
Grace,Worsell,gworsell6c@spotify.com,+1 921 106 8767,Kaymbo,229,9211068767
Paco,Kelsall,pkelsall7g@prweb.com,+1 921 285 0573,Photospace,269,9212850573
Sayre,Ramsdell,sramsdellp2@nasa.gov,+1 923 253 3409,Flipbug,903,9232533409
Chiquia,Sumption,csumptionlk@nytimes.com,+1 923 782 9276,Pixope,777,9237829276
Fair,Grouen,fgrouenfd@washingtonpost.com,+1 924 965 0804,Demizz,554,9249650804
Friederike,McCuish,fmccuishp7@sun.com,+1 926 625 6288,Gigashots,908,9266256288
Ruttger,Mosley,rmosleylv@technorati.com,+1 926 684 2751,Gigazoom,788,9266842751
Natalie,Lansly,nlanslye2@cpanel.net,+1 929 394 3418,Brainbox,507,9293943418
Maisey,Cupper,mcupper1g@noaa.gov,+1 931 314 3386,Jaxbean,53,9313143386
Georgie,Phonix,gphonixdx@hhs.gov,+1 931 869 9060,Tambee,502,9318699060
Gustaf,Gwinnel,ggwinnelgd@cnbc.com,+1 932 536 7631,Aivee,590,9325367631
Thia,Bumfrey,tbumfreyav@ask.com,+1 933 852 2708,Skyvu,392,9338522708
Trixi,Manus,tmanusbp@blinklist.com,+1 936 959 9332,Wikizz,422,9369599332
Cilka,Rathbourne,crathbourne6z@privacy.gov.au,+1 937 626 7157,Yamia,252,9376267157
Brittne,Stoade,bstoade14@mapy.cz,+1 942 379 8350,Avavee,41,9423798350
Nicolea,Dureden,nduredenol@list-manage.com,+1 945 873 7298,Vinte,886,9458737298
Ellis,Henkens,ehenkensg7@istockphoto.com,+1 947 149 0671,Oozz,584,9471490671
Ernie,Vernazza,evernazza3s@meetup.com,+1 947 342 2711,Dazzlesphere,137,9473422711
Patrick,Andrioli,pandriolipr@amazon.co.uk,+1 948 132 5485,Gabvine,928,9481325485
Roxy,Cotterell,rcotterellj4@google.de,+1 948 421 6843,Trilia,689,9484216843
Terri,Debill,tdebillms@skype.com,+1 949 395 1315,Twitternation,821,9493951315
Alfy,de Keyser,adekeyser9j@dedecms.com,+1 951 188 5987,Divavu,344,9511885987
Gail,Ambrogelli,gambrogelli8c@deliciousdays.com,+1 952 482 6436,Yozio,301,9524826436
Fiorenze,Oboy,foboy5w@w3.org,+1 952 849 3420,Riffwire,213,9528493420
Lucian,Wardell,lwardellqg@purevolume.com,+1 952 862 6502,Realblab,953,9528626502
Bruno,Grahlman,bgrahlmankk@sphinn.com,+1 955 422 9714,Skipfire,741,9554229714
Ursala,Narbett,unarbettd6@nydailynews.com,+1 955 941 1869,Abata,475,9559411869
Brita,Tomaino,btomainoeq@sakura.ne.jp,+1 955 995 5495,Mybuzz,531,9559955495
Anabel,McGillivrie,amcgillivrieoy@tumblr.com,+1 956 300 0050,Buzzshare,899,9563000050
Josey,Rutherford,jrutherforday@cloudflare.com,+1 956 807 1573,Linklinks,395,9568071573
Nathan,Rhoades,nrhoades75@bbb.org,+1 958 697 1130,Kimia,258,9586971130
Frasier,Massen,fmassen6g@prweb.com,+1 960 321 7084,Bubblebox,233,9603217084
Lek,Legging,llegging6n@bigcartel.com,+1 962 103 8112,Edgepulse,240,9621038112
Nikki,Morsom,nmorsompl@nydailynews.com,+1 963 404 2997,Tekfly,922,9634042997
Andrea,Lohrensen,alohrensenat@skyrock.com,+1 964 932 0947,Topiczoom,390,9649320947
Henrieta,Lawlie,hlawlie9a@51.la,+1 965 205 8521,Oozz,335,9652058521
Evey,MacEveley,emaceveley9i@wisc.edu,+1 966 327 8744,Browsecat,343,9663278744
Ado,Peddel,apeddeljr@answers.com,+1 966 467 2596,Vitz,712,9664672596
Wake,Matveyev,wmatveyev17@clickbank.net,+1 967 229 0594,Gabspot,44,9672290594
Amberly,Massingham,amassingham70@si.edu,+1 968 945 2837,Realbuzz,253,9689452837
Jeffry,Hamber,jhamber9s@surveymonkey.com,+1 969 166 6680,Bubblebox,353,9691666680
Homerus,Shotboulte,hshotboultelm@ucoz.ru,+1 969 442 7639,Ozu,779,9694427639
Cathe,Arger,cargerpp@unicef.org,+1 969 482 1809,Voonix,926,9694821809
Sinclair,Heaker,sheakerck@yellowbook.com,+1 970 881 5909,Leexo,453,9708815909
Angelita,Izakov,aizakovdb@themeforest.net,+1 972 510 2978,Flashpoint,480,9725102978
Rhodie,O'Regan,roregan9y@discovery.com,+1 973 944 1914,Youopia,359,9739441914
Thacher,Vonderdell,tvonderdelllw@vimeo.com,+1 974 583 4716,Trilith,789,9745834716
Launce,Shalcras,lshalcras3q@jimdo.com,+1 978 413 1284,Twinte,135,9784131284
Nickey,Crepin,ncrepinmu@europa.eu,+1 979 553 0937,Aibox,823,9795530937
Kerwin,O'Crowley,kocrowleyf3@google.ru,+1 980 950 6979,Meevee,544,9809506979
Yorke,Bostock,ybostocket@bloomberg.com,+1 981 853 9035,Tazz,534,9818539035
Mureil,Geldard,mgeldardci@washington.edu,+1 982 700 2518,Rhycero,451,9827002518
Aime,Antoniewski,aantoniewski4m@scientificamerican.com,+1 982 795 9992,Riffwire,167,9827959992
Sabrina,Hartas,shartas29@discuz.net,+1 985 120 3067,Devbug,82,9851203067
Bride,Robberts,brobberts7a@sciencedirect.com,+1 985 243 2309,Twinte,263,9852432309
Eamon,Bracco,ebracco5l@stumbleupon.com,+1 985 248 6590,Bubblemix,202,9852486590
Rollie,Trevena,rtrevena28@who.int,+1 985 356 3551,Aimbo,81,9853563551
Peter,Ogley,pogley4h@tripod.com,+1 986 322 7821,Photofeed,162,9863227821
Ailsun,Saker,asakerkd@examiner.com,+1 986 505 2070,Feedfire,734,9865052070
Terrell,Dybald,tdybaldl1@wp.com,+1 986 675 8994,Vimbo,758,9866758994
Shani,Hadwin,shadwiniq@storify.com,+1 986 971 6807,Muxo,675,9869716807
Ignaz,Imesen,iimesencb@biglobe.ne.jp,+1 987 954 5244,Kanoodle,444,9879545244
Boote,Hedan,bhedaney@dedecms.com,+1 991 168 5672,Kimia,539,9911685672
Alejoa,Paragreen,aparagreen5i@bloomberg.com,+1 991 172 1494,Skivee,199,9911721494
Crissy,Jonke,cjonkejv@google.de,+1 991 850 2144,Geba,716,9918502144
Any,Uvedale,auvedalemy@nyu.edu,+1 991 914 4860,Meeveo,827,9919144860
Grace,Antonsson,gantonssonot@elpais.com,+1 992 438 1173,Tavu,894,9924381173
Mikael,Mordie,mmordieod@parallels.com,+1 992 559 6364,Kwilith,878,9925596364
Griff,Charles,gcharlesi8@google.it,+1 992 991 7994,Realcube,657,9929917994
Rogers,Alfuso,ralfusoh@ca.gov,+1 993 102 8650,Edgetag,18,9931028650
Hardy,Thorndycraft,hthorndycraftn8@yolasite.com,+1 994 530 4624,Oyope,837,9945304624
Cointon,Lindl,clindlqm@instagram.com,+1 995 925 7435,Yambee,959,9959257435
Marylinda,Menel,mmenel82@huffingtonpost.com,+1 997 109 5446,Tambee,291,9971095446
Simonette,Zorzini,szorzinit@go.com,+1 997 902 5977,Npath,30,9979025977
Keene,Petrelli,kpetrellihk@forbes.com,+1 998 254 2615,Yozio,633,9982542615
